date,portfolio_id,portfolio_nav,benchmark_nav
2015-01-02,active_midcap400,1007260.9868165515,2281388.729625216
2015-01-09,active_midcap400,964285.87220266,2266932.930218103
2015-01-16,active_midcap400,933468.647531576,2250485.963339435
2015-01-23,active_midcap400,938398.9548001643,2290132.1332619213
2015-01-30,active_midcap400,940471.4287077035,2259921.2690088656
2015-02-06,active_midcap400,987576.8531816304,2324757.1979557555
2015-02-13,active_midcap400,1015345.9628777762,2367519.984480359
2015-02-20,active_midcap400,1016636.9201716506,2388901.8363608886
2015-02-27,active_midcap400,1036340.6437883105,2373579.4013763284
2015-03-06,active_midcap400,1009923.8632998696,2343454.910222807
2015-03-13,active_midcap400,1013526.7798372714,2350986.338756672
2015-03-20,active_midcap400,1045143.5326625807,2426302.9171864656
2015-03-27,active_midcap400,1017305.4115813286,2379627.50568935
2015-04-10,active_midcap400,1029159.8193441104,2422484.920441585
2015-04-17,active_midcap400,1024201.7541837345,2392380.761362821
2015-04-24,active_midcap400,1038799.3826336797,2421444.468555873
2015-05-01,active_midcap400,1040183.3943528386,2388129.217520103
2015-05-08,active_midcap400,1041404.7082918491,2397239.5157388984
2015-05-15,active_midcap400,1041693.6576252438,2418407.1929071327
2015-05-22,active_midcap400,1041478.6694599031,2436019.0500839385
2015-05-29,active_midcap400,1021482.3593049055,2409125.0657257247
2015-06-05,active_midcap400,1029809.8819815217,2413114.8914332176
2015-06-12,active_midcap400,1031389.7572164892,2421964.6944987294
2015-06-19,active_midcap400,1037118.3174962252,2435854.7118857102
2015-06-26,active_midcap400,1041844.1833466948,2423147.318035001
2015-07-10,active_midcap400,1008277.2342113723,2378320.5966133946
2015-07-17,active_midcap400,1006214.707484507,2386676.1621022816
2015-07-24,active_midcap400,977922.7576215857,2337237.117165568
2015-07-31,active_midcap400,989880.8759420625,2380496.12861245
2015-08-07,active_midcap400,980641.2480823186,2357865.9179163566
2015-08-14,active_midcap400,1002126.5475436775,2378755.9781841426
2015-08-21,active_midcap400,979416.1026923553,2254547.486363178
2015-08-28,active_midcap400,974634.4474855487,2262032.5944560547
2015-09-04,active_midcap400,956680.9928404801,2198406.0417753817
2015-09-11,active_midcap400,962830.6115391557,2245668.9432220696
2015-09-18,active_midcap400,955261.910825545,2241539.697573382
2015-09-25,active_midcap400,944827.4309028533,2203633.8309519454
2015-10-02,active_midcap400,937678.4437209684,2201973.785840728
2015-10-09,active_midcap400,972537.9728167253,2291935.725878382
2015-10-16,active_midcap400,976192.3221350715,2277786.1305745714
2015-10-23,active_midcap400,971426.5723640235,2288180.101212457
2015-10-30,active_midcap400,972415.0541217619,2294556.2704309644
2015-11-06,active_midcap400,1006216.437624367,2326698.0702950144
2015-11-13,active_midcap400,974735.9318918254,2234377.456712745
2015-11-20,active_midcap400,990992.9619511872,2303639.510174331
2015-11-27,active_midcap400,1013583.9585990334,2338139.830710253
2015-12-04,active_midcap400,980907.2458222071,2306434.941144376
2015-12-11,active_midcap400,927098.2076348606,2212978.3302123086
2015-12-18,active_midcap400,900844.533875888,2190000.486899685
2016-01-08,active_midcap400,860201.7106827152,2085389.3634356072
2016-01-15,active_midcap400,837069.6983876836,2025849.557781196
2016-01-22,active_midcap400,848345.8958604168,2054873.5180611883
2016-01-29,active_midcap400,867525.9500836459,2104241.324299879
2016-02-05,active_midcap400,838452.909147864,2041633.5155754774
2016-02-12,active_midcap400,823946.6827529939,2014537.5863243716
2016-02-19,active_midcap400,849116.4003247089,2086090.7435783704
2016-02-26,active_midcap400,882008.3818813593,2141157.7985316115
2016-03-04,active_midcap400,932255.3763697331,2236825.8665572302
2016-03-11,active_midcap400,938846.2670413548,2249627.88863557
2016-03-18,active_midcap400,945278.2427510298,2284439.3052025572
2016-04-01,active_midcap400,947711.5112998035,2323936.42420107
2016-04-08,active_midcap400,942840.7524455308,2283296.2757066027
2016-04-15,active_midcap400,962856.0523908145,2343816.1485134233
2016-04-22,active_midcap400,984962.6155410518,2363608.429617045
2016-04-29,active_midcap400,954564.383117862,2338538.064204565
2016-05-06,active_midcap400,944317.5100931822,2326310.5378926815
2016-05-13,active_midcap400,936607.3256720648,2306254.704180924
2016-05-20,active_midcap400,943404.8153300473,2323936.42420107
2016-05-27,active_midcap400,969747.9601279781,2392460.5609344253
2016-06-03,active_midcap400,974482.1601694676,2404775.2247095555
2016-06-10,active_midcap400,974482.1601694676,2404775.2247095555
2016-06-17,active_midcap400,962301.5932723285,2373090.9729639203
2016-06-24,active_midcap400,954868.4779988208,2337793.7268211483
2016-07-01,active_midcap400,1006848.3274278601,2407063.576792603
2016-07-08,active_midcap400,1011861.7734168449,2441389.928147518
2016-07-15,active_midcap400,1014553.574621166,2478451.6314846613
2016-07-22,active_midcap400,1035595.5178085931,2492923.4825297412
2016-07-29,active_midcap400,1050279.38950711,2504129.66604873
2016-08-05,active_midcap400,1036558.4544512609,2509248.1512143794
2016-08-12,active_midcap400,1042444.5255108731,2502806.3995893225
2016-08-19,active_midcap400,1042868.872493841,2510748.1385641596
2016-08-26,active_midcap400,1022523.6824347153,2506690.4373589796
2016-09-02,active_midcap400,1040121.37383999,2540397.9598521017
2016-09-09,active_midcap400,1023319.0040163206,2457979.8310404588
2016-09-16,active_midcap400,1020231.7141232777,2448515.4795499453
2016-09-23,active_midcap400,1047109.2590528895,2496711.2104716
2016-09-30,active_midcap400,1061518.0781387666,2500786.797787656
2016-10-07,active_midcap400,1045948.7654867382,2470043.783517827
2016-10-14,active_midcap400,1030149.887048325,2448249.48097793
2016-10-21,active_midcap400,1028389.1263744996,2460830.907688788
2016-10-28,active_midcap400,1015976.7537442126,2416886.5677371095
2016-11-04,active_midcap400,1004804.011144534,2383841.1370919184
2016-11-11,active_midcap400,1123975.181588327,2520276.849479281
2016-11-18,active_midcap400,1121498.9288950735,2590710.825385161
2016-11-25,active_midcap400,1133623.3232828423,2646261.111077564
2016-12-02,active_midcap400,1105918.1278994475,2622339.5843252544
2016-12-09,active_midcap400,1130291.9090626654,2732198.217549684
2016-12-16,active_midcap400,1078779.2007034342,2694126.178257108
2016-12-23,active_midcap400,1134137.276398473,2702932.259718254
2016-12-30,active_midcap400,1131909.8694170963,2683454.437846032
2017-01-06,active_midcap400,1152491.2986731993,2716539.1567860553
2017-01-13,active_midcap400,1146573.2362037054,2727210.5914516468
2017-01-20,active_midcap400,1144463.603780178,2708800.738558794
2017-01-27,active_midcap400,1149228.6183444804,2742062.7898801607
2017-02-03,active_midcap400,1155895.4836481942,2758693.5097953593
2017-02-10,active_midcap400,1165200.8313101293,2781906.0127677787
2017-02-17,active_midcap400,1175183.6023006225,2806808.3710362106
2017-02-24,active_midcap400,1176823.2927817984,2810898.6341355513
2017-03-03,active_midcap400,1178499.0177226444,2815078.7864075038
2017-03-10,active_midcap400,1160744.0795328435,2770788.495439462
2017-03-17,active_midcap400,1173199.5008273618,2801858.9631238077
2017-03-24,active_midcap400,1150179.2417091085,2744434.1518624066
2017-03-31,active_midcap400,1166765.6338496094,2785809.4653757378
2017-04-07,active_midcap400,1156599.188421609,2764943.5590012735
2017-04-21,active_midcap400,1168952.4667176465,2782508.3313733772
2017-04-28,active_midcap400,1188621.4108250416,2807478.259394011
2017-05-05,active_midcap400,1263909.268253221,2820138.2626945334
2017-05-12,active_midcap400,1258266.9355849603,2790801.9834015365
2017-05-19,active_midcap400,1246336.5526778556,2778496.339118216
2017-05-26,active_midcap400,1260228.5772519256,2802661.850767616
2017-06-02,active_midcap400,1257410.879257384,2842164.1674393746
2017-06-09,active_midcap400,1261197.9346995226,2853755.896015043
2017-06-16,active_midcap400,1215441.0593100828,2849065.4545285
2017-06-23,active_midcap400,1234762.0292989388,2833703.2726308797
2017-06-30,active_midcap400,1272281.767975703,2836829.2144702915
2017-07-07,active_midcap400,1263517.7246521781,2840489.5994176157
2017-07-14,active_midcap400,1287156.0497535835,2868714.4938723636
2017-07-21,active_midcap400,1268295.5704219618,2884434.397987522
2017-07-28,active_midcap400,1273082.2467455273,2865945.6627595196
2017-08-04,active_midcap400,1258861.0494401138,2848887.8164016707
2017-08-11,active_midcap400,1237052.795406759,2784132.451390099
2017-08-18,active_midcap400,1208683.8247556132,2754302.0873932196
2017-08-25,active_midcap400,1216262.0947970394,2783239.9803191633
2017-09-01,active_midcap400,1245341.3335590437,2829505.0813753074
2017-09-08,active_midcap400,1182318.8646454168,2799495.856269659
2017-09-15,active_midcap400,1211884.8122799096,2858623.3641374456
2017-09-22,active_midcap400,1235020.2916201523,2882040.4108393807
2017-09-29,active_midcap400,1243966.4698191993,2927888.7807993665
2017-10-06,active_midcap400,1267015.269325093,2966109.718143174
2017-10-13,active_midcap400,1271209.7982333922,2967365.109104894
2017-10-20,active_midcap400,1276111.1483148206,2992847.466558514
2017-10-27,active_midcap400,1266377.2099730936,2998948.3119677114
2017-11-03,active_midcap400,1255159.839081449,2995448.443400052
2017-11-10,active_midcap400,1261296.1224060296,2980735.0534217623
2017-11-17,active_midcap400,1271209.9061960008,3006305.465575084
2017-11-24,active_midcap400,1279859.5739590004,3035644.496577447
2017-12-01,active_midcap400,1316429.442200981,3095577.3380529224
2017-12-08,active_midcap400,1333319.420436079,3089566.6875618226
2017-12-15,active_midcap400,1341680.4701490356,3084471.439053039
2017-12-22,active_midcap400,1347521.451904965,3115723.2138100346
2017-12-29,active_midcap400,1358168.8114317372,3110949.915297035
2018-01-05,active_midcap400,1365404.2373547372,3165979.2106828694
2018-01-12,active_midcap400,1353846.7748518803,3217136.8509911927
2018-01-19,active_midcap400,1390618.8775925948,3238752.139549577
2018-01-26,active_midcap400,1378861.3413869513,3264962.4770031623
2018-02-02,active_midcap400,1329212.4657942245,3137698.976295323
2018-02-09,active_midcap400,1281188.0253881118,2981435.51632807
2018-02-16,active_midcap400,1330028.2079656282,3114642.403520292
2018-02-23,active_midcap400,1315248.460267133,3119865.7593873227
2018-03-02,active_midcap400,1287706.3062414213,3078255.9390869383
2018-03-09,active_midcap400,1342153.0714845646,3196511.260567997
2018-03-16,active_midcap400,1342725.5508070784,3174237.0904892744
2018-03-23,active_midcap400,1273251.6464053378,3017134.970656459
2018-04-06,active_midcap400,1274888.9144597487,3042957.6228349684
2018-04-13,active_midcap400,1291947.9428599216,3092164.60694851
2018-04-20,active_midcap400,1294510.8724441468,3122411.0905505763
2018-04-27,active_midcap400,1297843.2165202207,3106790.5537180677
2018-05-04,active_midcap400,1296634.868250081,3116632.1951371636
2018-05-11,active_midcap400,1314875.7843219335,3185882.3245248315
2018-05-18,active_midcap400,1324725.3167530242,3195002.1008536643
2018-05-25,active_midcap400,1327516.3501761274,3199967.713276776
2018-06-01,active_midcap400,1343312.3074121135,3219108.2978789597
2018-06-08,active_midcap400,1360593.9450473087,3292512.5911723482
2018-06-15,active_midcap400,1348584.2989161036,3277412.738900923
2018-06-22,active_midcap400,1347732.6431736764,3274606.6068389
2018-06-29,active_midcap400,1323672.1899817968,3214307.1765268184
2018-07-06,active_midcap400,1347455.802447054,3275420.5013201707
2018-07-13,active_midcap400,1329282.489996654,3287281.897413676
2018-07-20,active_midcap400,1295457.4354415182,3290178.8358847667
2018-07-27,active_midcap400,1309730.882472942,3253963.8946685405
2018-08-03,active_midcap400,1327314.791376932,3295248.7075182893
2018-08-10,active_midcap400,1346269.2311950428,3289273.217757973
2018-08-17,active_midcap400,1359529.6538943779,3315711.029852454
2018-08-24,active_midcap400,1351042.1274473316,3355095.0230214885
2018-08-31,active_midcap400,1346055.1093282052,3372478.488320943
2018-09-07,active_midcap400,1333197.65143611,3345045.168927056
2018-09-14,active_midcap400,1368099.613492387,3380807.3010798856
2018-09-21,active_midcap400,1392879.9010532405,3368069.3326806687
2018-09-28,active_midcap400,1361018.5593650038,3336381.870607441
2018-10-05,active_midcap400,1314983.5822579516,3249308.6139127803
2018-10-12,active_midcap400,1262701.673084712,3089145.3702833885
2018-10-19,active_midcap400,1265146.1855018158,3094320.724109262
2018-10-26,active_midcap400,1215484.9119157938,2965663.635480449
2018-11-02,active_midcap400,1259909.1624686497,3078704.4677135446
2018-11-09,active_midcap400,1274027.0296699833,3113024.704158758
2018-11-16,active_midcap400,1247262.3770896064,3084968.886957257
2018-11-23,active_midcap400,1228580.145958915,3018777.74114777
2018-11-30,active_midcap400,1271232.822433239,3111934.4157589786
2018-12-07,active_midcap400,1193847.9560424874,2946686.6247127806
2018-12-14,active_midcap400,1174926.367685732,2871597.979542111
2018-12-21,active_midcap400,1096150.300606065,2670506.4222985688
2018-12-28,active_midcap400,1119296.5171899123,2729591.7372894147
2019-01-04,active_midcap400,1144264.487741368,2793327.4411082603
2019-01-11,active_midcap400,1195440.0157308197,2924719.423101074
2019-01-18,active_midcap400,1237128.0911649999,3016174.012596867
2019-01-25,active_midcap400,1228203.8567105816,3017997.1729243724
2019-02-01,active_midcap400,1220026.2436399495,3053192.7586933565
2019-02-08,active_midcap400,1245864.0402487179,3076535.5092424187
2019-02-15,active_midcap400,1299243.1057722168,3181210.8392583625
2019-02-22,active_midcap400,1319604.4226785023,3211937.649017483
2019-03-01,active_midcap400,1240762.865201361,3199082.580097482
2019-03-08,active_midcap400,1192184.858082034,3093039.0390358255
2019-03-15,active_midcap400,1222061.3495950229,3151529.984803685
2019-03-22,active_midcap400,1184517.261022897,3083791.461094231
2019-03-29,active_midcap400,1211624.0435751565,3157471.842560643
2019-04-05,active_midcap400,1243876.8022213937,3245139.774223775
2019-04-12,active_midcap400,1253831.6434265154,3272198.555398445
2019-04-26,active_midcap400,1258640.8459860908,3285270.703612849
2019-05-03,active_midcap400,1264156.2156294934,3300262.3219825574
2019-05-10,active_midcap400,1235300.662823609,3221828.5154596767
2019-05-17,active_midcap400,1208294.327421056,3148421.1647114367
2019-05-24,active_midcap400,1193295.0820997672,3107650.9215130704
2019-05-31,active_midcap400,1160269.2290975023,3017881.601131014
2019-06-07,active_midcap400,1212301.0295083218,3155277.812959741
2019-06-14,active_midcap400,1270552.2399289706,3171001.6917662052
2019-06-21,active_midcap400,1309971.5727221433,3218155.594947464
2019-06-28,active_midcap400,1317170.4736644386,3253761.185411935
2019-07-05,active_midcap400,1310036.6165906175,3284041.6067628455
2019-07-12,active_midcap400,1298758.6645613385,3276608.6282751746
2019-07-19,active_midcap400,1285462.0687869485,3236967.5031531914
2019-07-26,active_midcap400,1335679.316023945,3315973.665224134
2019-08-02,active_midcap400,1283608.3271268029,3200080.227615284
2019-08-09,active_midcap400,1234727.8172973373,3178792.6982168998
2019-08-16,active_midcap400,1242941.6236654476,3135296.4282735996
2019-08-23,active_midcap400,1226645.863829889,3073816.208898157
2019-08-30,active_midcap400,1263796.5881486132,3148694.8069205796
2019-09-06,active_midcap400,1259132.772608654,3200814.016779465
2019-09-13,active_midcap400,1307779.7248217755,3289730.613003646
2019-09-20,active_midcap400,1280930.8887382266,3256589.6368943686
2019-09-27,active_midcap400,1294391.1027590283,3223336.146446584
2019-10-04,active_midcap400,1258077.3549878316,3192016.1904464164
2019-10-11,active_midcap400,1263736.4420102802,3215136.9697733135
2019-10-18,active_midcap400,1244937.1336536708,3248207.012930053
2019-10-25,active_midcap400,1289745.2053857665,3286251.840874457
2019-11-01,active_midcap400,1303427.647746968,3328624.496160104
2019-11-08,active_midcap400,1344101.2814284032,3355061.696763615
2019-11-15,active_midcap400,1355459.1982707323,3360496.934251803
2019-11-22,active_midcap400,1281888.3637953983,3335626.373513819
2019-11-29,active_midcap400,1267757.0802319935,3377354.8230624124
2019-12-06,active_midcap400,1275048.9556606296,3401028.0844808407
2019-12-13,active_midcap400,1280005.5801253922,3406831.439533059
2019-12-20,active_midcap400,1303750.8600994754,3472934.2248973595
2019-12-27,active_midcap400,1298916.6273458903,3471085.3819491076
2020-01-03,active_midcap400,1295210.6447982625,3458231.841756532
2020-01-10,active_midcap400,1284775.7422903983,3454162.369350177
2020-01-17,active_midcap400,1310956.7925431333,3527401.25433614
2020-01-24,active_midcap400,1292610.537050052,3476079.428702331
2020-01-31,active_midcap400,1258098.9240974,3379536.6228439114
2020-02-07,active_midcap400,1284577.478832806,3453607.74704025
2020-02-14,active_midcap400,1313039.1053292628,3533226.3173177987
2020-02-21,active_midcap400,1305965.0127001705,3513437.24654177
2020-02-28,active_midcap400,1144482.1588987058,3061705.018743345
2020-03-06,active_midcap400,1135127.1621370425,3035535.345439275
2020-03-13,active_midcap400,982437.0850168373,2608400.036169691
2020-03-20,active_midcap400,811355.5583904783,2129816.47550822
2020-03-27,active_midcap400,909958.1838797753,2405647.5165784755
2020-04-03,active_midcap400,857319.1265928622,2258394.9875473687
2020-04-17,active_midcap400,995405.7677065242,2639299.5921278796
2020-04-24,active_midcap400,992366.9116398403,2620811.4683908466
2020-05-01,active_midcap400,1025286.7034040635,2689746.985674372
2020-05-08,active_midcap400,1076376.8764765426,2840714.9338401165
2020-05-15,active_midcap400,998568.5381844076,2675810.8007191443
2020-05-22,active_midcap400,1031699.0510564774,2871001.470100729
2020-05-29,active_midcap400,1087453.1470051554,2987130.943224057
2020-06-05,active_midcap400,1387383.2612687862,3237414.503052372
2020-06-12,active_midcap400,1335270.0278757233,2983600.8058533752
2020-06-19,active_midcap400,1340678.9784510466,3029100.3202148904
2020-06-26,active_midcap400,1327324.7241837976,2916765.760052319
2020-07-10,active_midcap400,1338551.0907886354,3011200.756536628
2020-07-17,active_midcap400,1384746.2355660456,3119153.678152582
2020-07-24,active_midcap400,1395237.847008464,3143671.4086007886
2020-07-31,active_midcap400,1404811.6550555893,3166044.334471191
2020-08-07,active_midcap400,1449880.9583510263,3293294.076632201
2020-08-14,active_midcap400,1458638.4036515658,3313896.430398531
2020-08-21,active_midcap400,1431098.5359320662,3249107.4333836003
2020-08-28,active_midcap400,1457528.7772124112,3311285.9754469558
2020-09-04,active_midcap400,1421310.4818633732,3226080.517920622
2020-09-11,active_midcap400,1391947.2294002168,3157001.911750082
2020-09-18,active_midcap400,1401227.2570282146,3178833.6681119
2020-09-25,active_midcap400,1364582.162285152,3092624.142412578
2020-10-02,active_midcap400,1435732.0716470191,3240078.15771835
2020-10-09,active_midcap400,1505243.1024013949,3401932.1738802087
2020-10-16,active_midcap400,1509780.7317413415,3403615.3027755497
2020-10-23,active_midcap400,1517799.1358619956,3436154.5717701986
2020-10-30,active_midcap400,1445026.1461568766,3237741.0392304324
2020-11-06,active_midcap400,1539056.157852463,3455976.9688041
2020-11-13,active_midcap400,1603556.2487153788,3605676.3789522666
2020-11-20,active_midcap400,1628614.6975642904,3663834.979377849
2020-11-27,active_midcap400,1672205.5884093482,3765005.8546438576
2020-12-04,active_midcap400,1700889.904001947,3831579.7938006585
2020-12-11,active_midcap400,1697747.6354567802,3824286.846745152
2020-12-18,active_midcap400,1731832.6798275707,3903395.433553595
2021-01-08,active_midcap400,1829098.8869317248,4129142.3067136286
2021-01-15,active_midcap400,1833788.5116304795,4140026.540236832
2021-01-22,active_midcap400,1863057.465960489,4207957.377856398
2021-01-29,active_midcap400,1772016.778787056,3996659.4248300646
2021-02-05,active_midcap400,1874538.2795260712,4234603.4026262155
2021-02-12,active_midcap400,1924101.6278830655,4349635.8609490935
2021-02-19,active_midcap400,1917269.7329842732,4333779.5943475915
2021-02-26,active_midcap400,1888809.1029653838,4267724.811024449
2021-03-05,active_midcap400,1900937.2610004647,4295873.269107928
2021-03-12,active_midcap400,2000710.3800408333,4527438.478848948
2021-03-19,active_midcap400,1976875.4833760287,4472119.642488747
2021-03-26,active_midcap400,1987445.6147442884,4496652.048720238
2021-04-09,active_midcap400,2020372.5790924167,4573072.8269693805
2021-04-16,active_midcap400,2058564.1902413268,4661712.417784084
2021-04-23,active_midcap400,2075735.9441981055,4701566.647509164
2021-04-30,active_midcap400,2061155.807609753,4667727.348711974
2021-05-07,active_midcap400,2094487.7245218288,4745087.98858224
2021-05-14,active_midcap400,2059900.5073554078,4664813.89998469
2021-05-21,active_midcap400,2036329.21188789,4610106.860340126
2021-05-28,active_midcap400,2065935.0119257765,4678819.48916503
2021-06-04,active_midcap400,2066664.031928667,4680511.484679438
2021-06-11,active_midcap400,2084119.6742313493,4721024.595924856
2021-06-18,active_midcap400,1974202.322208942,4465915.455105594
2021-06-25,active_midcap400,2060386.608513822,4665942.100824618
2021-07-02,active_midcap400,2049532.1935954655,4640749.895836336
2021-07-09,active_midcap400,2046657.214820061,4634077.306370046
2021-07-16,active_midcap400,1980317.8436390462,4480109.077759256
2021-07-23,active_midcap400,2022566.8501160122,4575798.242223345
2021-07-30,active_midcap400,2057520.1925929727,4628436.607915888
2021-08-06,active_midcap400,2111474.951660341,4657200.22591534
2021-08-13,active_midcap400,2140886.6519845068,4682109.004838957
2021-08-20,active_midcap400,2118926.226542461,4587642.210824201
2021-08-27,active_midcap400,2166835.7203294216,4746497.781013924
2021-09-03,active_midcap400,2149304.042196043,4732774.394916309
2021-09-10,active_midcap400,2079569.9385938284,4606723.48080228
2021-09-17,active_midcap400,2072213.2731423152,4589510.315738011
2021-09-24,active_midcap400,2112133.734162609,4629754.370956563
2021-10-01,active_midcap400,2097608.86893071,4605532.907883395
2021-10-08,active_midcap400,2095806.9699202734,4617219.417559437
2021-10-15,active_midcap400,2128122.1448794473,4721080.853094109
2021-10-22,active_midcap400,2107989.693799627,4802040.117323715
2021-10-29,active_midcap400,2091759.9652683155,4798553.395811914
2021-11-05,active_midcap400,2164978.967578311,4991007.337356587
2021-11-12,active_midcap400,2144045.930977959,4987048.239070345
2021-11-19,active_midcap400,2110687.1793701416,4934646.214637764
2021-11-26,active_midcap400,2050326.549909503,4772257.143877022
2021-12-03,active_midcap400,1995081.3609887725,4642477.969317982
2021-12-10,active_midcap400,2033987.4278483065,4781493.409235669
2021-12-17,active_midcap400,1989759.9925364787,4689931.8088201005
2021-12-31,active_midcap400,2072440.8267823188,4893644.827852679
2022-01-07,active_midcap400,2052497.0175778903,4807055.566260894
2022-01-14,active_midcap400,2022536.8487525298,4789945.437425097
2022-01-21,active_midcap400,1915773.6979053936,4464666.790544545
2022-01-28,active_midcap400,1905818.7293159885,4440845.242565855
2022-02-04,active_midcap400,1938291.04391205,4518549.234615862
2022-02-11,active_midcap400,1954995.2088334593,4560520.446079605
2022-02-18,active_midcap400,1929387.5082191213,4538589.628180622
2022-02-25,active_midcap400,1977541.0346510094,4591053.413201189
2022-03-04,active_midcap400,1968089.1965733457,4510891.53319666
2022-03-11,active_midcap400,1963576.7124945926,4433093.065791766
2022-03-18,active_midcap400,2070895.590622099,4667343.026637235
2022-03-25,active_midcap400,2042557.5658519787,4682693.895951907
2022-04-01,active_midcap400,2111102.990479903,4678524.139026446
2022-04-08,active_midcap400,2055521.0802872856,4520003.054397396
2022-04-22,active_midcap400,2040684.435246217,4460213.301808936
2022-04-29,active_midcap400,1988268.3865880447,4319126.436229862
2022-05-06,active_midcap400,1957515.6834832893,4286057.004564092
2022-05-13,active_midcap400,1921123.2409009768,4204285.6803261265
2022-05-20,active_midcap400,1885911.090811659,4125166.392425706
2022-05-27,active_midcap400,2012437.4410574625,4395117.642072475
2022-06-03,active_midcap400,1998282.8969628836,4362333.1651987955
2022-06-10,active_midcap400,1876490.4027397952,4160130.8346079737
2022-06-17,active_midcap400,1789044.0839850574,3849291.018260114
2022-06-24,active_midcap400,1844174.7396835706,4045260.421392186
2022-07-01,active_midcap400,1826546.7710989378,3982599.4129533814
2022-07-08,active_midcap400,1845633.1858080316,4025386.6591167916
2022-07-15,active_midcap400,1829691.9342224635,3996577.1792945797
2022-07-22,active_midcap400,1914817.2421605734,4156697.9243015456
2022-07-29,active_midcap400,2044958.5913143277,4360843.878940992
2022-08-05,active_midcap400,2018442.5639450396,4345060.074019453
2022-08-12,active_midcap400,2085066.3876838393,4539316.996689618
2022-08-19,active_midcap400,2026376.2256084958,4473328.865882221
2022-08-26,active_midcap400,1972578.472941747,4339640.429551004
2022-09-02,active_midcap400,1892472.3705417223,4158980.3143476346
2022-09-09,active_midcap400,1956528.2007056396,4342207.774389183
2022-09-16,active_midcap400,1866192.7828068063,4136464.6053357017
2022-09-23,active_midcap400,1759878.1139931816,3894327.93970271
2022-09-30,active_midcap400,1733844.306866481,3835034.717782012
2022-10-07,active_midcap400,1782013.360851917,3944742.006991329
2022-10-14,active_midcap400,1766669.4835726165,3909795.603792681
2022-10-21,active_midcap400,1826118.0039378824,4025421.51410209
2022-10-28,active_midcap400,1945437.825781283,4239772.947287873
2022-11-04,active_midcap400,1912829.0189781326,4190887.6074246317
2022-11-11,active_midcap400,2017583.494746034,4411350.281366104
2022-11-18,active_midcap400,2003732.4307435541,4375545.03909988
2022-11-25,active_midcap400,2035767.2713559743,4463673.11771805
2022-12-02,active_midcap400,2049715.888743665,4488498.122378757
2022-12-09,active_midcap400,2027568.2443317682,4307372.662547103
2022-12-16,active_midcap400,1979482.5864890125,4217137.080300306
2022-12-23,active_midcap400,1975459.598775883,4251446.004162572
2022-12-30,active_midcap400,1970636.6499250445,4243587.73370516
2023-01-06,active_midcap400,2007056.9635980213,4352267.106593654
2023-01-13,active_midcap400,2087762.2108551406,4510591.291130316
2023-01-20,active_midcap400,2066700.2128467169,4467943.159162615
2023-01-27,active_midcap400,2094099.2678741408,4577677.353974619
2023-02-03,active_midcap400,2149892.431918374,4733604.799653774
2023-02-10,active_midcap400,2092972.048609912,4612849.703086738
2023-02-17,active_midcap400,2111115.6447823406,4661726.787821882
2023-02-24,active_midcap400,2062499.9976503218,4548351.4700281145
2023-03-03,active_midcap400,2100452.3120206418,4634125.614156689
2023-03-10,active_midcap400,1949532.8081640138,4293039.925697732
2023-03-17,active_midcap400,1891505.0978861507,4161894.3745658896
2023-03-24,active_midcap400,1914337.9589193268,4213497.791791452
2023-03-31,active_midcap400,2002709.9842947493,4405111.544743138
2023-04-14,active_midcap400,2007670.9990730085,4366384.904367016
2023-04-21,active_midcap400,1970021.4200941382,4383393.831447253
2023-04-28,active_midcap400,1952671.6396632511,4369940.41861296
2023-05-05,active_midcap400,1918885.9525528627,4319490.884848071
2023-05-12,active_midcap400,1896597.9696067602,4270386.325472031
2023-05-19,active_midcap400,1914621.6181823718,4312762.955448984
2023-05-26,active_midcap400,1880358.1112518662,4293352.39758348
2023-06-02,active_midcap400,1935156.2593963253,4404151.198174516
2023-06-09,active_midcap400,1967545.7929989318,4466996.876886306
2023-06-16,active_midcap400,1974839.544744089,4536148.250482295
2023-06-23,active_midcap400,1897514.4360567892,4421331.342726395
2023-06-30,active_midcap400,1947089.2321524946,4616836.929957608
2023-07-07,active_midcap400,1932194.5187246762,4581071.1288589565
2023-07-14,active_midcap400,2004280.6696047857,4703407.541074804
2023-07-21,active_midcap400,2057525.6748950358,4760766.617056914
2023-07-28,active_midcap400,2072891.6763887815,4780530.005212196
2023-08-04,active_midcap400,2030410.3519301666,4722687.545618182
2023-08-11,active_midcap400,2006834.1950734125,4686343.885552739
2023-08-18,active_midcap400,1976712.037756732,4544149.60982672
2023-08-25,active_midcap400,1982268.10256239,4547137.660452364
2023-09-01,active_midcap400,2036780.083366583,4708516.548130416
2023-09-08,active_midcap400,1987038.356990514,4541449.877193504
2023-09-15,active_midcap400,1981683.6113975728,4531701.793892841
2023-09-22,active_midcap400,1940507.3399785487,4403064.5787205575
2023-09-29,active_midcap400,1928269.2291678716,4416606.046254553
2023-10-06,active_midcap400,1887475.123847536,4338746.124007159
2023-10-13,active_midcap400,1869432.2082056273,4314566.24231996
2023-10-20,active_midcap400,1865871.5632798742,4228194.977259033
2023-10-27,active_midcap400,1796747.8271545093,4111358.314828725
2023-11-03,active_midcap400,1917662.1268155663,4381496.374966875
2023-11-10,active_midcap400,1899717.4824434365,4313308.4053943595
2023-11-17,active_midcap400,1980999.4985962384,4485179.866629233
2023-11-24,active_midcap400,1973556.6185693045,4529283.652851379
2023-12-01,active_midcap400,2007935.4543675266,4644380.317726122
2023-12-08,active_midcap400,2024858.8087414573,4657533.794239556
2023-12-15,active_midcap400,2214916.309258218,4859706.467518326
2023-12-22,active_midcap400,2247311.3085056283,4936497.503549896
2023-12-29,active_midcap400,2236386.3990277783,4925721.809673894
2024-01-05,active_midcap400,2173245.308100711,4806602.145706527
2024-01-12,active_midcap400,2198575.1622570576,4835532.394995344
2024-01-19,active_midcap400,2187801.858153205,4855920.421176635
2024-01-26,active_midcap400,2273583.1456000064,4897568.459662654
2024-02-02,active_midcap400,2286118.4948898754,4902713.85043099
2024-02-09,active_midcap400,2359936.252088622,4979407.659398307
2024-02-16,active_midcap400,2439685.0026119435,5014551.879925799
2024-02-23,active_midcap400,2421088.0384492944,5063771.399604228
2024-03-01,active_midcap400,2472709.3361328626,5160949.544580635
2024-03-08,active_midcap400,2509447.3796704933,5236577.524786978
2024-03-15,active_midcap400,2475365.933115491,5194955.780412675
2024-03-22,active_midcap400,2423303.2385598975,5306714.927572334
2024-04-05,active_midcap400,2457548.7630021316,5309437.896862417
2024-04-12,active_midcap400,2359864.6311232992,5154493.42291778
2024-04-19,active_midcap400,2311252.1545013753,5041082.027156772
2024-04-26,active_midcap400,2373961.7123678876,5149047.484337614
2024-05-03,active_midcap400,2365928.635521246,5207696.806266743
2024-05-10,active_midcap400,2425559.0720679304,5321303.879138198
2024-05-17,active_midcap400,2459404.0121576423,5366046.061933181
2024-05-24,active_midcap400,2410182.7967971493,5297182.394838649
2024-05-31,active_midcap400,2393662.5855252123,5312453.158836232
2024-06-07,active_midcap400,2378224.469328804,5200500.780530005
2024-06-14,active_midcap400,2325475.503684303,5158481.5670251055
2024-06-21,active_midcap400,2345720.8932023104,5226614.502410306
2024-06-28,active_midcap400,2364308.883429922,5223978.976328955
2024-07-05,active_midcap400,2325133.2589886016,5162861.676844297
2024-07-12,active_midcap400,2414811.2565341834,5391316.5377656445
2024-07-19,active_midcap400,2393963.9729233747,5376085.520681121
2024-07-26,active_midcap400,2452107.7578179375,5483477.399331961
2024-08-02,active_midcap400,2378326.6335507194,5250631.421753959
2024-08-09,active_midcap400,2350173.2547743227,5234034.333842119
2024-08-16,active_midcap400,2375040.679454186,5374328.707123877
2024-08-23,active_midcap400,2412323.185132074,5527509.641110599
2024-08-30,active_midcap400,2379356.5968684177,5519016.031535201
2024-09-06,active_midcap400,2332181.5730159264,5251998.104072248
2024-09-13,active_midcap400,2415966.9041663734,5422654.227003946
2024-09-20,active_midcap400,2473756.493565658,5546926.925376776
2024-09-27,active_midcap400,2595647.913712962,5572970.93728648
2024-10-04,active_midcap400,2518972.452099874,5573852.095774467
2024-10-11,active_midcap400,2548841.69163283,5639845.42425511
2024-10-18,active_midcap400,2627151.84850162,5717783.005855714
2024-10-25,active_midcap400,2577868.811187734,5558186.308610167
2024-11-01,active_midcap400,2547246.497014218,5549569.177858799
2024-11-08,active_midcap400,2590458.486369182,5897452.505687439
2024-11-15,active_midcap400,2451775.654932425,5738932.032549359
2024-11-22,active_midcap400,2559770.4441009555,5979600.202617533
2024-11-29,active_midcap400,2548784.5200646557,6030024.97099813
2024-12-06,active_midcap400,2552027.3678772766,5960898.362786433
2024-12-13,active_midcap400,2526919.740550215,5871309.432240571
2024-12-20,active_midcap400,2473870.682255625,5603772.9604349295
2024-12-27,active_midcap400,2496814.470929394,5623427.503197525
2025-01-03,active_midcap400,2489855.6063032546,5651730.362750967
2025-01-10,active_midcap400,2475205.8634447497,5558372.201865093
2025-01-17,active_midcap400,2533141.745660632,5808966.09336076
2025-01-24,active_midcap400,2566564.3117787605,5871663.485512288
2025-01-31,active_midcap400,2568652.363986969,5804740.690757016
2025-02-07,active_midcap400,2468422.994999489,5752557.8858372355
2025-02-14,active_midcap400,2459957.3677118327,5738996.239101225
2025-02-21,active_midcap400,2447486.811188864,5567118.357211163
2025-02-28,active_midcap400,2425723.5082472106,5560239.083796964
2025-03-07,active_midcap400,2395911.025286391,5367625.543109082
2025-03-14,active_midcap400,2324015.8996580327,5264832.688044747
2025-03-21,active_midcap400,2341097.778984868,5298746.588740296
2025-03-28,active_midcap400,2296626.1677404125,5242989.007609012
2025-04-04,active_midcap400,2104075.655115554,4765315.498383868
2025-04-11,active_midcap400,2162376.574596684,4900569.657344156
2025-04-25,active_midcap400,2247471.3380699707,5097983.7078932095
2025-05-02,active_midcap400,2332349.69992675,5279930.400097777
2025-05-09,active_midcap400,2309609.9481773474,5305642.983901659
2025-05-16,active_midcap400,2430889.6043690494,5565116.335774889
2025-05-23,active_midcap400,2350511.270590338,5365436.40543594
2025-05-30,active_midcap400,2386996.8738985956,5405431.58382964
2025-06-06,active_midcap400,2404344.1277033505,5500395.520003131
2025-06-13,active_midcap400,2371130.5942681646,5423657.0721949935
2025-06-20,active_midcap400,2373235.5836572843,5456581.580500837
2025-06-27,active_midcap400,2432306.0648293085,5598899.377402825
2015-01-02,active_sp500,1012362.2703425763,2045964.279084488
2015-01-09,active_sp500,975218.0935333845,2034212.7863787739
2015-01-16,active_sp500,977501.3611814283,2008118.8509778634
2015-01-23,active_sp500,981624.7607729154,2041382.9011133355
2015-01-30,active_sp500,965468.9387519591,1986407.472072545
2015-02-06,active_sp500,1002725.2335007424,2047159.790034931
2015-02-13,active_sp500,1026973.6459927823,2089288.1794638627
2015-02-20,active_sp500,1023625.315244556,2103828.5214570886
2015-02-27,active_sp500,1045816.281338063,2098052.370277517
2015-03-06,active_sp500,1034154.3051292251,2066580.8488256854
2015-03-13,active_sp500,1018783.3888639789,2049948.4548869366
2015-03-20,active_sp500,1037526.204927612,2104916.69094299
2015-03-27,active_sp500,1017239.7288541795,2058198.2550741204
2015-04-10,active_sp500,1044995.0951080263,2101214.7014648514
2015-04-17,active_sp500,1034977.0310440516,2080306.5391885336
2015-04-24,active_sp500,1049254.502386969,2117321.2697757515
2015-05-01,active_sp500,1049161.899145604,2108017.605106798
2015-05-08,active_sp500,1049100.853949536,2117021.0087718447
2015-05-15,active_sp500,1041695.9731093508,2125225.2533890256
2015-05-22,active_sp500,1053959.529775675,2130726.226793518
2015-05-29,active_sp500,1041222.7691085732,2112220.1525484514
2015-06-05,active_sp500,1033967.5168581784,2098514.1967847543
2015-06-12,active_sp500,1032540.8712012006,2100915.5470739813
2015-06-19,active_sp500,1048391.7520612441,2119176.322095955
2015-06-26,active_sp500,1047628.9844290571,2109224.182187606
2015-07-10,active_sp500,1044502.2404541228,2085701.0933060148
2015-07-17,active_sp500,1056103.2314557233,2135964.379601839
2015-07-24,active_sp500,1038656.3489299119,2090929.286597007
2015-07-31,active_sp500,1058604.724098287,2116059.9153496358
2015-08-07,active_sp500,1060693.2894783448,2090425.593229889
2015-08-14,active_sp500,1074677.081613698,2105202.934848434
2015-08-21,active_sp500,1032650.2162451004,1988694.2879124933
2015-08-28,active_sp500,1030983.3748126994,2003270.7792649118
2015-09-04,active_sp500,998050.680912843,1936018.7696325833
2015-09-11,active_sp500,1018479.7945153518,1977737.1589314877
2015-09-18,active_sp500,1014976.8199115391,1974983.9056966503
2015-09-25,active_sp500,1003733.9468759415,1948710.883419331
2015-10-02,active_sp500,1006297.6787791293,1970437.017165136
2015-10-09,active_sp500,1055344.5164048674,2034400.3572884626
2015-10-16,active_sp500,1057975.6943752912,2054003.8227947347
2015-10-23,active_sp500,1053682.2458981823,2096847.6375517698
2015-10-30,active_sp500,1074066.7157035382,2101091.682982293
2015-11-06,active_sp500,1094022.0671140668,2122412.6119212285
2015-11-13,active_sp500,1050975.9870786536,2046626.4025513334
2015-11-20,active_sp500,1083643.0814140057,2115036.667161876
2015-11-27,active_sp500,1082466.6597915734,2117562.6958532166
2015-12-04,active_sp500,1080693.5928823068,2118169.3042327305
2015-12-11,active_sp500,1039822.5713939343,2039957.3990868044
2015-12-18,active_sp500,1038925.6999801302,2033191.3825460747
2016-01-08,active_sp500,1031249.0264560956,1950855.3150485817
2016-01-15,active_sp500,1010235.4724449825,1909077.537516718
2016-01-22,active_sp500,1024091.224611689,1936624.6402700727
2016-01-29,active_sp500,1047120.4259472096,1969152.7927362658
2016-02-05,active_sp500,1041295.944875279,1910501.1951881882
2016-02-12,active_sp500,1029483.8621003777,1897083.1432494898
2016-02-19,active_sp500,1051558.1528068052,1951669.228936935
2016-02-26,active_sp500,1079763.0368751471,1983078.2267522044
2016-03-04,active_sp500,1136020.412354461,2037359.9938546089
2016-03-11,active_sp500,1124213.5029450124,2061043.9104975064
2016-03-18,active_sp500,1148481.2642479688,2088225.830948813
2016-04-01,active_sp500,1154720.9186662114,2114177.751010038
2016-04-08,active_sp500,1118456.5404251777,2089451.4048867477
2016-04-15,active_sp500,1161500.6160280497,2122964.8118264475
2016-04-22,active_sp500,1176635.829974949,2135123.538129597
2016-04-29,active_sp500,1165511.3663581808,2108149.845364661
2016-05-06,active_sp500,1156588.2871589547,2101916.847436517
2016-05-13,active_sp500,1159444.872795047,2092108.382787409
2016-05-20,active_sp500,1173567.730185093,2099567.692395512
2016-05-27,active_sp500,1199842.0588788425,2148099.4981602095
2016-06-03,active_sp500,1190263.6531029127,2148508.207241694
2016-06-10,active_sp500,1171728.505325974,2146362.668999407
2016-06-17,active_sp500,1158507.0633897071,2121064.2039362406
2016-06-24,active_sp500,1143256.909011585,2087377.612056328
2016-07-01,active_sp500,1185944.6321642196,2155984.116045345
2016-07-08,active_sp500,1196722.454833457,2184022.923857922
2016-07-15,active_sp500,1218148.7820823977,2216682.7632754603
2016-07-22,active_sp500,1239409.1481334146,2231164.454777751
2016-07-29,active_sp500,1265822.9833112974,2229931.503419573
2016-08-05,active_sp500,1307986.964349533,2240817.624730736
2016-08-12,active_sp500,1335188.3381167348,2243694.634190156
2016-08-19,active_sp500,1293577.9748462979,2244516.294369765
2016-08-26,active_sp500,1294510.974670308,2231677.3699201737
2016-09-02,active_sp500,1299392.489634929,2242769.874562646
2016-09-09,active_sp500,1257209.507928791,2190493.105846891
2016-09-16,active_sp500,1263819.2678504796,2202486.5779365893
2016-09-23,active_sp500,1278724.2622436115,2229531.831677886
2016-09-30,active_sp500,1281979.9164775368,2232732.156579474
2016-10-07,active_sp500,1264852.4553963693,2219725.395819345
2016-10-14,active_sp500,1269634.6382162943,2199906.8785129776
2016-10-21,active_sp500,1286871.171158047,2208783.574985344
2016-10-28,active_sp500,1265767.9286145815,2193919.9175499515
2016-11-04,active_sp500,1221625.1625874555,2152733.4402505965
2016-11-11,active_sp500,1247990.482488404,2233970.6410028352
2016-11-18,active_sp500,1262315.2323678671,2255440.593830688
2016-11-25,active_sp500,1266800.8931323488,2286614.805246711
2016-12-02,active_sp500,1244339.9517159557,2267620.8990880493
2016-12-09,active_sp500,1275758.8770093124,2338123.2156441147
2016-12-16,active_sp500,1285385.7995906337,2336641.2763527213
2016-12-23,active_sp500,1293579.8604133073,2343597.814771237
2016-12-30,active_sp500,1280350.2829881522,2320961.860673914
2017-01-06,active_sp500,1306457.5970202452,2359173.0243891054
2017-01-13,active_sp500,1311436.2343553882,2357510.8916082676
2017-01-20,active_sp500,1314346.9885250684,2354292.6764625898
2017-01-27,active_sp500,1306436.5773291127,2377447.078767517
2017-02-03,active_sp500,1328109.6297807735,2381288.685923762
2017-02-10,active_sp500,1356564.8832164644,2403820.6183956526
2017-02-17,active_sp500,1364367.0584660794,2440992.488034055
2017-02-24,active_sp500,1370907.5824713768,2458124.7021942935
2017-03-03,active_sp500,1371291.886415889,2475568.4279243103
2017-03-10,active_sp500,1365927.848773863,2467988.313059721
2017-03-17,active_sp500,1365816.0934702153,2471842.8307013926
2017-03-24,active_sp500,1348739.0170887113,2438785.3483327352
2017-03-31,active_sp500,1359179.141613029,2458389.920452044
2017-04-07,active_sp500,1354614.1199804696,2452758.920015762
2017-04-21,active_sp500,1344539.9618733684,2446397.923846395
2017-04-28,active_sp500,1365454.1797453824,2482792.397826649
2017-05-05,active_sp500,1380052.1490112941,2499686.5057485322
2017-05-12,active_sp500,1357427.716336236,2492177.951860304
2017-05-19,active_sp500,1339219.3780699887,2485190.9815832847
2017-05-26,active_sp500,1319410.6845907974,2520648.1543216147
2017-06-02,active_sp500,1328669.875540237,2546301.473298488
2017-06-09,active_sp500,1342103.456228191,2538375.910731002
2017-06-16,active_sp500,1350735.1309038089,2542685.430766185
2017-06-23,active_sp500,1345768.5284807254,2547820.8529976164
2017-06-30,active_sp500,1352432.9753471445,2533882.6929317582
2017-07-07,active_sp500,1351764.8834254066,2537131.7088069525
2017-07-14,active_sp500,1367527.5959412255,2573284.941145247
2017-07-21,active_sp500,1369252.3981983026,2587116.8663596
2017-07-28,active_sp500,1351747.0105493856,2587432.4355105115
2017-08-04,active_sp500,1363095.1441725506,2592671.510496363
2017-08-11,active_sp500,1361594.7825980976,2558194.4280373696
2017-08-18,active_sp500,1350851.9886299663,2543419.484080403
2017-08-25,active_sp500,1376459.441658496,2562805.8689960134
2017-09-01,active_sp500,1397297.7796365165,2597177.6387810325
2017-09-08,active_sp500,1392500.270545999,2583973.1631583804
2017-09-15,active_sp500,1422399.4627314128,2624284.4939813623
2017-09-22,active_sp500,1405704.6157797235,2626917.495266232
2017-09-29,active_sp500,1418077.2639690945,2645767.357294641
2017-10-06,active_sp500,1417516.686948874,2678835.721358157
2017-10-13,active_sp500,1427447.613916446,2684944.4097551997
2017-10-20,active_sp500,1409900.6195010683,2707690.8407206666
2017-10-27,active_sp500,1413650.6319982698,2714010.3389011645
2017-11-03,active_sp500,1420696.8894397505,2721803.661210788
2017-11-10,active_sp500,1422219.7454758596,2718012.220512198
2017-11-17,active_sp500,1421761.3971692615,2715589.4757042644
2017-11-24,active_sp500,1432898.5104087337,2741918.1975044217
2017-12-01,active_sp500,1453487.8998024077,2785095.8405274707
2017-12-08,active_sp500,1462429.7394128556,2796154.4090368235
2017-12-15,active_sp500,1472327.718055426,2821031.807839597
2017-12-22,active_sp500,1473831.4268028676,2831616.7459693234
2017-12-29,active_sp500,1470371.9342949116,2824736.7482858333
2018-01-05,active_sp500,1505287.3699529113,2894174.134229764
2018-01-12,active_sp500,1529239.1366084702,2941807.7390798274
2018-01-19,active_sp500,1542492.2861230397,2968164.679512415
2018-01-26,active_sp500,1575332.7496508353,3033475.505443199
2018-02-02,active_sp500,1518444.4528412758,2915661.9773017066
2018-02-09,active_sp500,1438729.1993973868,2768000.1445974368
2018-02-16,active_sp500,1501370.5941573747,2890893.395447523
2018-02-23,active_sp500,1508491.2820575256,2907828.8169227694
2018-03-02,active_sp500,1484464.7858346638,2848235.3072451153
2018-03-09,active_sp500,1513302.706487524,2951863.3473070897
2018-03-16,active_sp500,1540174.4651146121,2914055.544043706
2018-03-23,active_sp500,1482907.7010967196,2742421.8908715397
2018-04-06,active_sp500,1514621.558956781,2760169.5663155844
2018-04-13,active_sp500,1527046.6691858845,2817876.8540725065
2018-04-20,active_sp500,1550477.776457869,2833393.0443284283
2018-04-27,active_sp500,1566718.8654509794,2832861.132328879
2018-05-04,active_sp500,1567035.9076963093,2827122.7904280555
2018-05-11,active_sp500,1590800.647275299,2899708.674896363
2018-05-18,active_sp500,1589882.6617472202,2883554.7066603997
2018-05-25,active_sp500,1578095.879120286,2892268.362145387
2018-06-01,active_sp500,1576403.1586422229,2907679.0552918282
2018-06-08,active_sp500,1592303.364400464,2956459.1112477165
2018-06-15,active_sp500,1579345.1667079842,2958418.185193352
2018-06-22,active_sp500,1573710.0785350278,2932905.2216366087
2018-06-29,active_sp500,1536878.9121401198,2895968.5072684647
2018-07-06,active_sp500,1545422.3055838023,2940164.2342851036
2018-07-13,active_sp500,1568920.1007654963,2984679.403598281
2018-07-20,active_sp500,1572121.1137820447,2985639.57484296
2018-07-27,active_sp500,1581789.1629600355,3004216.472322363
2018-08-03,active_sp500,1598563.2144443616,3027487.2534316303
2018-08-10,active_sp500,1575108.3913096637,3022791.1565756933
2018-08-17,active_sp500,1599617.3699789203,3043073.8980508763
2018-08-24,active_sp500,1606164.8222661533,3069228.512733289
2018-08-31,active_sp500,1613731.5199588584,3099118.4997204416
2018-09-07,active_sp500,1606658.2445169415,3070188.3151069554
2018-09-14,active_sp500,1616678.6900937022,3105203.3959371992
2018-09-21,active_sp500,1652537.055827406,3131163.4311606926
2018-09-28,active_sp500,1634435.9735885358,3117543.2379073245
2018-10-05,active_sp500,1641760.9476300494,3086445.751661833
2018-10-12,active_sp500,1567837.3133834105,2959157.7715727524
2018-10-19,active_sp500,1562998.4359634595,2962374.1423633695
2018-10-26,active_sp500,1503190.4229622008,2845273.088581884
2018-11-02,active_sp500,1539119.2590521735,2915619.926006319
2018-11-09,active_sp500,1581787.2487746342,2978566.8420556113
2018-11-16,active_sp500,1535131.0243351795,2935351.7586248266
2018-11-23,active_sp500,1482394.0635558893,2822968.38065349
2018-11-30,active_sp500,1541240.676994083,2955940.2941690995
2018-12-07,active_sp500,1495636.6620604729,2826399.803244202
2018-12-14,active_sp500,1498154.2179028625,2793157.3320629415
2018-12-21,active_sp500,1412675.0747091353,2596225.9515696336
2018-12-28,active_sp500,1452587.2671760146,2672268.3418574813
2019-01-04,active_sp500,1478855.677158703,2722316.023046692
2019-01-11,active_sp500,1515483.105307844,2793397.098220852
2019-01-18,active_sp500,1557197.4840669844,2874077.119309208
2019-01-25,active_sp500,1545682.299923305,2866742.303667712
2019-02-01,active_sp500,1573014.0560833286,2912907.0641473145
2019-02-08,active_sp500,1575908.7245876251,2917330.196454246
2019-02-15,active_sp500,1622807.2589194225,2991753.427434173
2019-02-22,active_sp500,1631361.406990922,3010845.8221530835
2019-03-01,active_sp500,1637680.3787597823,3024652.110832091
2019-03-08,active_sp500,1594963.9954247843,2960366.377444128
2019-03-15,active_sp500,1640498.636901402,3047617.0978722693
2019-03-22,active_sp500,1628851.4579658173,3025299.4794584494
2019-03-29,active_sp500,1647113.6724152076,3060292.428027963
2019-04-05,active_sp500,1681545.6421356022,3126268.8817002075
2019-04-12,active_sp500,1690535.3526753967,3143494.4202265255
2019-04-26,active_sp500,1708910.7614756671,3178704.264951195
2019-05-03,active_sp500,1712416.128712361,3185421.0372118
2019-05-10,active_sp500,1678888.6550083107,3121177.7239902364
2019-05-17,active_sp500,1666110.2063398228,3096692.4350733995
2019-05-24,active_sp500,1648809.6626044149,3063542.181645181
2019-05-31,active_sp500,1606349.0755360096,2982181.777974878
2019-06-07,active_sp500,1669893.7258784757,3116301.986951372
2019-06-14,active_sp500,1676757.8832897788,3133744.7905038586
2019-06-21,active_sp500,1729990.139109742,3200586.431135148
2019-06-28,active_sp500,1734925.9747002658,3189699.5720819607
2019-07-05,active_sp500,1762553.1962951885,3249140.553596082
2019-07-12,active_sp500,1748398.3073973097,3272980.6871126336
2019-07-19,active_sp500,1741054.0837780961,3235096.527549731
2019-07-26,active_sp500,1759380.3099887585,3287786.800670128
2019-08-02,active_sp500,1705730.7223065526,3185564.528035534
2019-08-09,active_sp500,1693488.1956677972,3174676.56236931
2019-08-16,active_sp500,1673759.5214285934,3144522.4637374436
2019-08-23,active_sp500,1651273.5731771297,3100976.8718797546
2019-08-30,active_sp500,1694109.7472030735,3183713.533296465
2019-09-06,active_sp500,1734637.3574922462,3244678.3209618605
2019-09-13,active_sp500,1796977.9793890608,3277771.9526897105
2019-09-20,active_sp500,1805817.082961929,3262176.08629516
2019-09-27,active_sp500,1803766.4152648672,3230677.4528239337
2019-10-04,active_sp500,1775363.4984015536,3219195.6048281156
2019-10-11,active_sp500,1780306.2826868,3240302.404144487
2019-10-18,active_sp500,1832144.1846177126,3258785.423951293
2019-10-25,active_sp500,1899740.6895968413,3298485.5355071086
2019-11-01,active_sp500,1939499.0274296312,3348138.155842285
2019-11-08,active_sp500,1987879.4895344942,3378759.6140465713
2019-11-15,active_sp500,2026555.6518115597,3409929.9523169664
2019-11-22,active_sp500,2010201.1832777814,3400852.036707461
2019-11-29,active_sp500,2044869.1535422856,3437490.149991253
2019-12-06,active_sp500,1993966.2307340936,3443614.1465353006
2019-12-13,active_sp500,1979240.7962466152,3470409.674601359
2019-12-20,active_sp500,2009992.0009805202,3524949.8358477885
2019-12-27,active_sp500,2019491.8045277367,3548358.759151113
2020-01-03,active_sp500,2015261.0523581984,3543414.0432329737
2020-01-10,active_sp500,2025203.331847122,3579681.441149535
2020-01-17,active_sp500,2073920.6899487348,3648261.570861182
2020-01-24,active_sp500,2067630.9322694703,3613311.41132908
2020-01-31,active_sp500,2038784.7220550652,3535939.2410423593
2020-02-07,active_sp500,2106373.3053186126,3651009.2910308368
2020-02-14,active_sp500,2139055.8632262447,3710357.317049891
2020-02-21,active_sp500,2119679.1976533686,3665076.924821967
2020-02-28,active_sp500,1916821.6206349917,3256013.727165847
2020-03-06,active_sp500,1924383.679450799,3269203.079077
2020-03-13,active_sp500,1747065.074502663,2959933.1384403342
2020-03-20,active_sp500,1500214.06204112,2529388.368519478
2020-03-27,active_sp500,1656264.5351877674,2801563.5335592856
2020-04-03,active_sp500,1623114.7542839895,2743745.4000632064
2020-04-17,active_sp500,1875179.2043828294,3168811.5132758063
2020-04-24,active_sp500,1909325.932876709,3128239.39064722
2020-05-01,active_sp500,1919952.9025773748,3126249.3315365626
2020-05-08,active_sp500,1954187.2986207043,3232930.516966268
2020-05-15,active_sp500,1883568.625517687,3164830.2884414545
2020-05-22,active_sp500,1960260.089991537,3266094.971928455
2020-05-29,active_sp500,2029880.0971226175,3364263.7210103115
2020-06-05,active_sp500,2379225.4115262856,3530309.5316546196
2020-06-12,active_sp500,2397404.570530442,3363048.2910252116
2020-06-19,active_sp500,2409285.6180760227,3427037.8209904023
2020-06-26,active_sp500,2343621.5594664495,3331655.89240549
2020-07-10,active_sp500,2477699.624827677,3526414.253766104
2020-07-17,active_sp500,2509270.065585981,3572272.666870099
2020-07-24,active_sp500,2502848.6103575383,3562945.0255853543
2020-07-31,active_sp500,2545961.2658128478,3625569.3639345034
2020-08-07,active_sp500,2607496.720036609,3714954.1876035547
2020-08-14,active_sp500,2624849.403238459,3740160.2504781717
2020-08-21,active_sp500,2645029.2332374086,3769472.954331279
2020-08-28,active_sp500,2729879.697048459,3892724.5633696886
2020-09-04,active_sp500,2668650.751958274,3803784.9670123267
2020-09-11,active_sp500,2603598.6958440756,3709292.0175667442
2020-09-18,active_sp500,2587649.809237426,3686125.073647403
2020-09-25,active_sp500,2572914.5159608168,3664720.964295223
2020-10-02,active_sp500,2604397.3283986123,3721687.9279307197
2020-10-09,active_sp500,2722521.5715239425,3866723.9523348566
2020-10-16,active_sp500,2723447.6853459748,3871629.1990546943
2020-10-23,active_sp500,2687130.1394886454,3854795.401543301
2020-10-30,active_sp500,2584936.3034409764,3640305.760870698
2020-11-06,active_sp500,2762600.9415480644,3903623.2262952654
2020-11-13,active_sp500,2954876.2302766526,3992141.203085717
2020-11-20,active_sp500,3001994.905902643,3961260.428559875
2020-11-27,active_sp500,3160501.7230717177,4054235.473790378
2020-12-04,active_sp500,3145938.277621435,4123129.8816043935
2020-12-11,active_sp500,3124186.761533743,4083554.448450691
2020-12-18,active_sp500,3215353.697723727,4133205.5933018187
2021-01-08,active_sp500,3267610.7029118985,4268448.092332841
2021-01-15,active_sp500,3200257.9587938907,4206201.846771166
2021-01-22,active_sp500,3292159.745271781,4286585.8488722555
2021-01-29,active_sp500,3198263.2356189257,4143169.5370825566
2021-02-05,active_sp500,3304290.448624186,4340660.4949013265
2021-02-12,active_sp500,3309334.577734646,4395855.4021943575
2021-02-19,active_sp500,3308320.5842945306,4366634.916094294
2021-02-26,active_sp500,3204143.6241007894,4258372.011764403
2021-03-05,active_sp500,3248370.5727470815,4294982.090851271
2021-03-12,active_sp500,3373699.7938586758,4411752.267334839
2021-03-19,active_sp500,3372167.997589825,4374758.193524303
2021-03-26,active_sp500,3423938.6879190747,4447768.832963125
2021-04-09,active_sp500,3543849.692472341,4621981.447816879
2021-04-16,active_sp500,3623413.276271649,4686792.08465516
2021-04-23,active_sp500,3625939.9774826504,4680951.381048459
2021-04-30,active_sp500,3641039.4079601825,4687241.369547983
2021-05-07,active_sp500,3673372.386586965,4741380.5680041835
2021-05-14,active_sp500,3659529.664880897,4679153.872606154
2021-05-21,active_sp500,3662305.1399703855,4660733.192000405
2021-05-28,active_sp500,3695446.3645298453,4718017.015835356
2021-06-04,active_sp500,3723251.8205239465,4746773.093331098
2021-06-11,active_sp500,3759801.679174271,4765979.100321757
2021-06-18,active_sp500,3646210.0751237166,4675755.832842043
2021-06-25,active_sp500,3747529.8206406217,4807490.7374183405
2021-07-02,active_sp500,3809153.4924792433,4887613.2099718
2021-07-09,active_sp500,3824755.3090872313,4907898.53354407
2021-07-16,active_sp500,3788525.549218277,4860792.967547927
2021-07-23,active_sp500,3867309.2415742124,4957707.186317394
2021-07-30,active_sp500,3834111.2873070086,4941593.056150745
2021-08-06,active_sp500,3875459.7625913145,4986443.344778479
2021-08-13,active_sp500,4031104.5331836566,5025096.969272768
2021-08-20,active_sp500,3965744.6955807237,4996247.198539935
2021-08-27,active_sp500,4060446.9535111696,5073891.964504649
2021-09-03,active_sp500,4072015.94147166,5105782.707861812
2021-09-10,active_sp500,3971314.015800155,5019687.475879294
2021-09-17,active_sp500,4031705.6425922904,4990095.536669974
2021-09-24,active_sp500,4044543.411775791,5018471.677023182
2021-10-01,active_sp500,4068902.6188110868,4909150.850630387
2021-10-08,active_sp500,4097780.3228018014,4950074.876204583
2021-10-15,active_sp500,4147331.5378919737,5040629.758724237
2021-10-22,active_sp500,4179985.132371982,5122592.528757415
2021-10-29,active_sp500,4204253.359691293,5191892.325813806
2021-11-05,active_sp500,4305712.807297918,5296804.405869143
2021-11-12,active_sp500,4324483.657336589,5282559.713992172
2021-11-19,active_sp500,4299070.510652286,5300874.159746416
2021-11-26,active_sp500,4259964.484405123,5188727.412529387
2021-12-03,active_sp500,4166519.34524603,5125983.928843306
2021-12-10,active_sp500,4282249.559241936,5321789.146136459
2021-12-17,active_sp500,4342947.910906765,5217166.998696687
2021-12-31,active_sp500,4471017.735468332,5388361.142057852
2022-01-07,active_sp500,4394928.283817519,5287732.392195833
2022-01-14,active_sp500,4344392.919932908,5272188.536613998
2022-01-21,active_sp500,4156679.383351421,4968827.171850272
2022-01-28,active_sp500,4167372.195926003,5013867.060178263
2022-02-04,active_sp500,4213118.2935138475,5090444.682304769
2022-02-11,active_sp500,4152932.9994970835,4996963.177174557
2022-02-18,active_sp500,4094692.885442741,4926284.171403661
2022-02-25,active_sp500,4139152.0510485396,4966218.147181194
2022-03-04,active_sp500,4105975.794373211,4902914.348427627
2022-03-11,active_sp500,3972247.7355319154,4765641.214474609
2022-03-18,active_sp500,4221280.141969945,5058689.314609071
2022-03-25,active_sp500,4258647.315057007,5151665.097581598
2022-04-01,active_sp500,4300454.127260498,5154283.344025982
2022-04-08,active_sp500,4313181.0607583625,5093399.339112251
2022-04-22,active_sp500,4130823.1466155644,4848384.884440551
2022-04-29,active_sp500,4012143.65501067,4688608.774390098
2022-05-06,active_sp500,4005796.157921841,4681097.453969278
2022-05-13,active_sp500,3913281.613847115,4571620.226267323
2022-05-20,active_sp500,3797013.9083685745,4434034.658566997
2022-05-27,active_sp500,4056277.344614462,4725706.869826065
2022-06-03,active_sp500,4004066.679108907,4671994.086259933
2022-06-10,active_sp500,3828540.4337874074,4435969.755896841
2022-06-17,active_sp500,3694943.611594232,4181514.0476686475
2022-06-24,active_sp500,3840281.1848957594,4458331.8232676275
2022-07-01,active_sp500,3787234.8666529967,4357296.946421209
2022-07-08,active_sp500,3867978.5860043177,4442216.586487941
2022-07-15,active_sp500,3818219.5059370794,4401757.338389079
2022-07-22,active_sp500,3915810.5028832485,4515593.145970835
2022-07-29,active_sp500,4150926.53452463,4708747.287299522
2022-08-05,active_sp500,4584118.274629191,4725662.236433593
2022-08-12,active_sp500,4700685.814217665,4881444.211164269
2022-08-19,active_sp500,4645630.922209781,4824753.900787899
2022-08-26,active_sp500,4796911.304445508,4632399.471813598
2022-09-02,active_sp500,4570423.249249497,4483018.515757109
2022-09-09,active_sp500,4675264.972637693,4647143.98391206
2022-09-16,active_sp500,4453940.968615334,4424773.045193431
2022-09-23,active_sp500,4252796.1368422285,4222676.732787717
2022-09-30,active_sp500,4129778.9626510004,4099077.647255844
2022-10-07,active_sp500,4193857.8573100567,4163459.6559779835
2022-10-14,active_sp500,4134919.577777885,4104242.5791682494
2022-10-21,active_sp500,4342312.641739485,4295436.539938264
2022-10-28,active_sp500,4539441.46126472,4464480.5341694895
2022-11-04,active_sp500,4511003.896397047,4319077.851979256
2022-11-11,active_sp500,4867500.60587003,4573390.80712574
2022-11-18,active_sp500,4777681.041879127,4544929.826439734
2022-11-25,active_sp500,4839838.957826669,4617229.282567091
2022-12-02,active_sp500,4916538.556739931,4669791.557446266
2022-12-09,active_sp500,4720569.082101099,4513369.222638463
2022-12-16,active_sp500,4625095.792121489,4418690.731073759
2022-12-23,active_sp500,4641532.953709358,4414540.932186846
2022-12-30,active_sp500,4626186.148404865,4409006.022649233
2023-01-06,active_sp500,4707236.039748952,4474145.323559358
2023-01-13,active_sp500,4821881.655302407,4594277.021576834
2023-01-20,active_sp500,4829631.89714297,4564070.912132251
2023-01-27,active_sp500,4888395.331715167,4677054.627675895
2023-02-03,active_sp500,4976170.229016744,4753952.060969952
2023-02-10,active_sp500,4788696.013677664,4704261.815791533
2023-02-17,active_sp500,4779907.014736902,4695270.215998877
2023-02-24,active_sp500,4664727.628705778,4569835.997181457
2023-03-03,active_sp500,4734617.468969956,4659876.304639134
2023-03-10,active_sp500,4520384.638896138,4449126.647158924
2023-03-17,active_sp500,4566122.900314158,4513325.695859026
2023-03-24,active_sp500,4614057.551971095,4579985.483081316
2023-03-31,active_sp500,4762998.980743885,4737839.775158363
2023-04-14,active_sp500,4782247.173633486,4773367.955566536
2023-04-21,active_sp500,4773683.225075884,4770359.812462289
2023-04-28,active_sp500,4888164.929735873,4813526.5737904785
2023-05-05,active_sp500,4765766.343018106,4775335.8824164625
2023-05-12,active_sp500,4786090.526769434,4763299.9901603665
2023-05-19,active_sp500,4847798.303167635,4844658.180604596
2023-05-26,active_sp500,4866985.723400531,4860859.733201129
2023-06-02,active_sp500,4944599.432350152,4952285.88905153
2023-06-09,active_sp500,4964090.116978361,4975200.156327535
2023-06-16,active_sp500,5122506.156242947,5104729.949993079
2023-06-23,active_sp500,5077956.683149127,5032129.863990802
2023-06-30,active_sp500,5198533.699607758,5149102.550660052
2023-07-07,active_sp500,5118879.26501313,5094158.475655297
2023-07-14,active_sp500,5245808.778384097,5218797.039699466
2023-07-21,active_sp500,5382930.513121839,5252483.447143873
2023-07-28,active_sp500,5457215.34145111,5307542.978775438
2023-08-04,active_sp500,5320543.04940852,5190105.883501866
2023-08-11,active_sp500,5301191.083764939,5176631.7631693175
2023-08-18,active_sp500,5172576.228740259,5070346.37633567
2023-08-25,active_sp500,5213298.336237257,5110653.280706506
2023-09-01,active_sp500,5344971.490021532,5240983.893339472
2023-09-08,active_sp500,5287689.132744871,5175122.342987518
2023-09-15,active_sp500,5305500.5987248635,5168314.459586907
2023-09-22,active_sp500,5189233.336826911,5017356.948824404
2023-09-29,active_sp500,5214962.780470115,4983086.2496967185
2023-10-06,active_sp500,5254232.471326822,5007099.383717978
2023-10-13,active_sp500,5176134.242184374,5029945.778727743
2023-10-20,active_sp500,5227375.13818507,4909763.545381601
2023-10-27,active_sp500,5154492.6087339,4787250.047238544
2023-11-03,active_sp500,5521520.379595991,5067132.772077644
2023-11-10,active_sp500,5498454.803767305,5136141.529905434
2023-11-17,active_sp500,5727059.058278399,5254808.072262569
2023-11-24,active_sp500,5847817.111206297,5307380.6755300835
2023-12-01,active_sp500,6098085.739408603,5351676.919897539
2023-12-08,active_sp500,6238216.633547802,5364499.614022595
2023-12-15,active_sp500,6520067.6353345495,5493107.967899738
2023-12-22,active_sp500,6481504.979846616,5543669.486408901
2023-12-29,active_sp500,6481884.772820708,5563098.2914909115
2024-01-05,active_sp500,6345472.181938355,5476605.047686261
2024-01-12,active_sp500,6339300.183900235,5579133.114389944
2024-01-19,active_sp500,6269466.542722446,5646432.8928183485
2024-01-26,active_sp500,6218259.862035065,5704719.676935391
2024-02-02,active_sp500,6135785.104992807,5785945.811557264
2024-02-09,active_sp500,6173946.478668444,5866119.188310404
2024-02-16,active_sp500,6221569.036963287,5846339.586895821
2024-02-23,active_sp500,6317623.888893294,5943952.078491325
2024-03-01,active_sp500,6370453.518594151,6002472.726830082
2024-03-08,active_sp500,6368980.76225938,5989246.856688724
2024-03-15,active_sp500,6424020.967299916,5985665.856902577
2024-03-22,active_sp500,6581075.348045161,6119273.888478673
2024-04-05,active_sp500,6697240.174895184,6086634.705837818
2024-04-12,active_sp500,6580958.000001541,5997641.623183691
2024-04-19,active_sp500,6451241.136482075,5813433.710513165
2024-04-26,active_sp500,6538088.70483732,5967234.110166463
2024-05-03,active_sp500,6558255.946421679,6002807.292838121
2024-05-10,active_sp500,6714130.250232568,6114929.694568347
2024-05-17,active_sp500,6854736.045577775,6216015.106743433
2024-05-24,active_sp500,6661910.421326672,6215897.805761563
2024-05-31,active_sp500,6604239.864414976,6191595.107995749
2024-06-07,active_sp500,6752953.837828535,6269551.569965747
2024-06-14,active_sp500,6821345.548712465,6372517.4865608765
2024-06-21,active_sp500,6962549.719686771,6413451.840523412
2024-06-28,active_sp500,7029994.432423715,6410035.357208694
2024-07-05,active_sp500,7051059.5430164905,6532767.595861969
2024-07-12,active_sp500,7151618.381812543,6595781.093128957
2024-07-19,active_sp500,7131500.873250222,6466218.101072317
2024-07-26,active_sp500,7096843.235735675,6412627.044940201
2024-08-02,active_sp500,6922913.462913038,6276703.978891726
2024-08-09,active_sp500,6909614.540100429,6277764.114180702
2024-08-16,active_sp500,7194931.151111919,6528878.957651671
2024-08-23,active_sp500,7342723.644417768,6620986.049390538
2024-08-30,active_sp500,7338097.816928221,6639242.2135248585
2024-09-06,active_sp500,7113668.497567552,6364569.7917326605
2024-09-13,active_sp500,7328115.2405949095,6619574.011155951
2024-09-20,active_sp500,7548547.359218934,6713598.494416077
2024-09-27,active_sp500,7817730.64596419,6751642.3751272485
2024-10-04,active_sp500,7926440.39866087,6769482.452759842
2024-10-11,active_sp500,7962574.857254342,6847458.096022473
2024-10-18,active_sp500,7949687.802242933,6906648.614119331
2024-10-25,active_sp500,7868921.857311916,6841078.840738004
2024-11-01,active_sp500,7798435.809636064,6746560.808063595
2024-11-08,active_sp500,8083124.718454465,7067325.8760525165
2024-11-15,active_sp500,7916067.721060109,6920353.647705497
2024-11-22,active_sp500,8054265.298786635,7035664.939335934
2024-11-29,active_sp500,8085973.157953831,7118837.975160042
2024-12-06,active_sp500,7957854.546694766,7180982.412322358
2024-12-13,active_sp500,7968011.144692012,7138450.846877124
2024-12-20,active_sp500,7860448.589346111,7007658.776607933
2024-12-27,active_sp500,7894608.859900638,7053416.487925607
2025-01-03,active_sp500,7981703.479722047,7017142.450330826
2025-01-10,active_sp500,7867321.007023053,6881291.683000736
2025-01-17,active_sp500,8240153.929335803,7083881.544820732
2025-01-24,active_sp500,8291451.42502486,7207047.575784319
2025-01-31,active_sp500,7940646.651290616,7134143.908939026
2025-02-07,active_sp500,7827260.946295368,7121696.72550436
2025-02-14,active_sp500,8040323.487279042,7227555.328576926
2025-02-21,active_sp500,8010279.869229624,7111857.460125735
2025-02-28,active_sp500,7979312.562272074,7043577.222546983
2025-03-07,active_sp500,7838350.657636311,6827117.072927367
2025-03-14,active_sp500,7806268.612616716,6671707.289047971
2025-03-21,active_sp500,7940648.803929227,6705689.162173126
2025-03-28,active_sp500,7715647.823739991,6606765.334129358
2025-04-04,active_sp500,7113959.213022931,6007749.426659175
2025-04-11,active_sp500,7514634.990837121,6348515.787540994
2025-04-25,active_sp500,7754932.068013056,6547077.577908094
2025-05-02,active_sp500,7994613.435563793,6738742.955831662
2025-05-09,active_sp500,8005840.005769674,6709970.279140373
2025-05-16,active_sp500,8638650.237407373,7065004.201901917
2025-05-23,active_sp500,8393233.282916684,6885583.128356323
2025-05-30,active_sp500,8542557.7465135,7007812.964691021
2025-06-06,active_sp500,8705042.988013297,7123739.533169758
2025-06-13,active_sp500,8713256.705277428,7098294.810750267
2025-06-20,active_sp500,8772348.96245302,7086843.5790484585
2025-06-27,active_sp500,9140401.279519107,7332858.411905164
2015-01-02,active_nasdaq100,1002830.5356171199,2912121.280899672
2015-01-09,active_nasdaq100,984533.20589942,2903069.101921627
2015-01-16,active_nasdaq100,968649.5658855648,2852147.390557176
2015-01-23,active_nasdaq100,1050207.6433470666,2949463.4301918284
2015-01-30,active_nasdaq100,1029865.3055596694,2860068.0177628463
2015-02-06,active_nasdaq100,1045963.9361758981,2917496.0930182124
2015-02-13,active_nasdaq100,1085558.787950343,3024430.205117573
2015-02-20,active_nasdaq100,1103239.2555034615,3066864.69018684
2015-02-27,active_nasdaq100,1101302.589544688,3066581.2730416083
2015-03-06,active_nasdaq100,1082378.148824573,3038576.1310784305
2015-03-13,active_nasdaq100,1062481.9335015286,2980016.0336487885
2015-03-20,active_nasdaq100,1095541.8439713516,3077320.548436872
2015-03-27,active_nasdaq100,1066544.4600382764,2991973.179565224
2015-04-10,active_nasdaq100,1088027.312608796,3055203.1918650577
2015-04-17,active_nasdaq100,1071265.1353723148,3005867.4405091535
2015-04-24,active_nasdaq100,1114905.6907553545,3134313.7371349493
2015-05-01,active_nasdaq100,1106634.347278018,3092065.060816498
2015-05-08,active_nasdaq100,1102704.3708515184,3081857.1043681875
2015-05-15,active_nasdaq100,1111813.7369554073,3107092.9903413556
2015-05-22,active_nasdaq100,1115717.223346617,3132328.876314523
2015-05-29,active_nasdaq100,1114493.1362821648,3120419.0057891184
2015-06-05,active_nasdaq100,1101031.7300210863,3099153.311858703
2015-06-12,active_nasdaq100,1091025.7636218318,3083558.548043381
2015-06-19,active_nasdaq100,1102705.8275786755,3123049.0228164913
2015-06-26,active_nasdaq100,1098636.8502116199,3105428.708416325
2015-07-10,active_nasdaq100,1070915.6987372683,3059388.3575764755
2015-07-17,active_nasdaq100,1114881.186750206,3228202.1933194227
2015-07-24,active_nasdaq100,1094509.971623072,3157437.518573525
2015-07-31,active_nasdaq100,1092651.408206934,3181594.0673853075
2015-08-07,active_nasdaq100,1090444.1534917457,3134985.706250242
2015-08-14,active_nasdaq100,1099490.0569142175,3140669.3372166576
2015-08-21,active_nasdaq100,1026294.9061915249,2910185.1066759787
2015-08-28,active_nasdaq100,1056994.749345195,3001696.6220557103
2015-09-04,active_nasdaq100,1024006.6877585722,2903364.279114379
2015-09-11,active_nasdaq100,1056518.0897743858,3000275.773114344
2015-09-18,active_nasdaq100,1056864.241990433,3001307.5996837486
2015-09-25,active_nasdaq100,1037222.2254475786,2932079.257545864
2015-10-02,active_nasdaq100,1041720.6593657783,2963133.3094290765
2015-10-09,active_nasdaq100,1074583.3291389397,3034924.6363234706
2015-10-16,active_nasdaq100,1075985.099642808,3080222.4577629073
2015-10-23,active_nasdaq100,1102947.9103950316,3212980.4582114355
2015-10-30,active_nasdaq100,1104854.6369188502,3228650.015928984
2015-11-06,active_nasdaq100,1160018.3104796999,3270243.4223996215
2015-11-13,active_nasdaq100,1122032.5620110582,3129223.0477644918
2015-11-20,active_nasdaq100,1163524.2448129915,3261411.626712101
2015-11-27,active_nasdaq100,1170533.8415526452,3256568.133540514
2015-12-04,active_nasdaq100,1169355.6755448817,3280214.5314908787
2015-12-11,active_nasdaq100,1129995.7062863552,3156287.385926069
2015-12-18,active_nasdaq100,1133550.5363910927,3138493.9636264085
2016-01-08,active_nasdaq100,1096577.6602109731,2972182.1955938158
2016-01-15,active_nasdaq100,1068933.176020972,2881596.195953909
2016-01-22,active_nasdaq100,1085656.4175324796,2965323.735880152
2016-01-29,active_nasdaq100,1089249.3703048793,2975611.190249698
2016-02-05,active_nasdaq100,1029267.7842620894,2803870.0434780717
2016-02-12,active_nasdaq100,1028269.6368618876,2801012.1167297615
2016-02-19,active_nasdaq100,1064298.8068207963,2904171.959178053
2016-02-26,active_nasdaq100,1082263.406392217,2955608.76062388
2016-03-04,active_nasdaq100,1100767.231856041,3019617.288069538
2016-03-11,active_nasdaq100,1107511.1891279523,3043050.59395884
2016-03-18,active_nasdaq100,1117351.6608492504,3077298.9099494354
2016-04-01,active_nasdaq100,1141916.6007820014,3162994.3762276755
2016-04-08,active_nasdaq100,1130806.849592335,3124015.933923586
2016-04-15,active_nasdaq100,1145065.4582728366,3171019.4326553233
2016-04-22,active_nasdaq100,1134354.632963248,3123443.2196093616
2016-04-29,active_nasdaq100,1108634.165259946,3030007.9956563087
2016-05-06,active_nasdaq100,1107529.871824846,3025996.408246286
2016-05-13,active_nasdaq100,1106898.6712679283,3023703.4341808367
2016-05-20,active_nasdaq100,1114551.4843387178,3051503.9513171664
2016-05-27,active_nasdaq100,1143427.3073750169,3156401.6935879635
2016-06-03,active_nasdaq100,1142875.0311671486,3154395.4294810514
2016-06-10,active_nasdaq100,1134038.8708218911,3122296.144574261
2016-06-17,active_nasdaq100,1100628.3291188276,3060206.856883867
2016-06-24,active_nasdaq100,1077670.7314937862,2996985.0766172973
2016-07-01,active_nasdaq100,1105830.8362047055,3105897.934312373
2016-07-08,active_nasdaq100,1127562.9450523492,3169694.5457017203
2016-07-15,active_nasdaq100,1139467.5199740166,3212800.0590824788
2016-07-22,active_nasdaq100,1151116.5084145074,3265963.0003032917
2016-07-29,active_nasdaq100,1146893.849720518,3311367.8381751603
2016-08-05,active_nasdaq100,1161648.782634369,3355910.8997647637
2016-08-12,active_nasdaq100,1165646.6843865926,3367980.0013335897
2016-08-19,active_nasdaq100,1166218.0803302105,3369704.965103823
2016-08-26,active_nasdaq100,1161648.782634369,3355910.8997647637
2016-09-02,active_nasdaq100,1164885.030889891,3365680.676842479
2016-09-09,active_nasdaq100,1137851.0063897443,3284068.7694650837
2016-09-16,active_nasdaq100,1169301.0006314048,3379011.866711151
2016-09-23,active_nasdaq100,1179225.4017890175,3408972.2341750036
2016-09-30,active_nasdaq100,1182947.422298215,3420208.4891784634
2016-10-07,active_nasdaq100,1180561.6455617186,3413006.165675314
2016-10-14,active_nasdaq100,1167869.2385294323,3374689.57884565
2016-10-21,active_nasdaq100,1177507.7079835983,3403786.758821535
2016-10-28,active_nasdaq100,1167487.5547650766,3373537.3293896406
2016-11-04,active_nasdaq100,1134564.1162793883,3274146.111769608
2016-11-11,active_nasdaq100,1155081.7027206041,3336085.811655548
2016-11-18,active_nasdaq100,1169586.9323348512,3379875.054199119
2016-11-25,active_nasdaq100,1183710.9456480178,3422513.458492383
2016-12-02,active_nasdaq100,1154127.2985333502,3333204.600013148
2016-12-09,active_nasdaq100,1190390.762121697,3442678.8823768278
2016-12-16,active_nasdaq100,1193960.4812527695,3455748.7639896055
2016-12-23,active_nasdaq100,1198689.296818902,3473085.4260435896
2016-12-30,active_nasdaq100,1183626.6550043467,3423388.406027871
2017-01-06,active_nasdaq100,1214819.975576631,3523072.919233052
2017-01-13,active_nasdaq100,1225793.7068966788,3558612.723642294
2017-01-20,active_nasdaq100,1240775.14102541,3561213.575751817
2017-01-27,active_nasdaq100,1262338.0947003665,3634893.3310769727
2017-02-03,active_nasdaq100,1265234.368392368,3631426.9394699773
2017-02-10,active_nasdaq100,1279609.424648713,3680545.835549612
2017-02-17,active_nasdaq100,1300797.755488154,3750759.434468723
2017-02-24,active_nasdaq100,1300777.0684775012,3763761.5782077853
2017-03-03,active_nasdaq100,1307892.8963796084,3785721.350142832
2017-03-10,active_nasdaq100,1314874.6182085695,3796413.3501470652
2017-03-17,active_nasdaq100,1322180.2430583383,3812994.546748365
2017-03-24,active_nasdaq100,1326471.9565438388,3782303.1747306683
2017-03-31,active_nasdaq100,1339731.4528458521,3832972.9858772415
2017-04-07,active_nasdaq100,1332991.529187044,3821101.9235086525
2017-04-21,active_nasdaq100,1340216.871618755,3838185.2741390555
2017-04-28,active_nasdaq100,1373601.6577130589,3937499.581048307
2017-05-05,active_nasdaq100,1388686.967200009,3982375.922384627
2017-05-12,active_nasdaq100,1399004.749632121,4013069.646411827
2017-05-19,active_nasdaq100,1391607.4135408315,3991063.7750905026
2017-05-26,active_nasdaq100,1424505.5639962875,4088930.4201500416
2017-06-02,active_nasdaq100,1446307.3149974747,4153787.082222842
2017-06-09,active_nasdaq100,1412436.6838989921,4053027.4654733827
2017-06-16,active_nasdaq100,1398287.8021141563,4010936.8441936006
2017-06-23,active_nasdaq100,1428445.454679483,4100650.9539103745
2017-06-30,active_nasdaq100,1393310.1243642643,3996129.0627583168
2017-07-07,active_nasdaq100,1394481.6868169773,3999614.270441344
2017-07-14,active_nasdaq100,1437033.3284555445,4126198.481142823
2017-07-21,active_nasdaq100,1456455.1109757246,4183975.1242066817
2017-07-28,active_nasdaq100,1453806.943666112,4176136.3469317504
2017-08-04,active_nasdaq100,1459583.1256541687,4170618.532635367
2017-08-11,active_nasdaq100,1436468.943370874,4125619.8868048387
2017-08-18,active_nasdaq100,1431427.3126431268,4100359.304731879
2017-08-25,active_nasdaq100,1429905.2454967394,4121843.500345216
2017-09-01,active_nasdaq100,1470047.1650512468,4238846.0947293
2017-09-08,active_nasdaq100,1457273.3351723512,4186879.3855422214
2017-09-15,active_nasdaq100,1492808.0116532044,4240588.463369863
2017-09-22,active_nasdaq100,1480817.7100223615,4199242.488299047
2017-09-29,active_nasdaq100,1487394.0407734914,4232121.229155463
2017-10-06,active_nasdaq100,1512680.823241639,4296426.109798625
2017-10-13,active_nasdaq100,1512373.6325018662,4316211.684148174
2017-10-20,active_nasdaq100,1490102.0419896254,4326978.242853683
2017-10-27,active_nasdaq100,1507976.748840395,4400592.847515578
2017-11-03,active_nasdaq100,1515250.9677372258,4459660.743797134
2017-11-10,active_nasdaq100,1519170.1391635456,4471589.1951976195
2017-11-17,active_nasdaq100,1521751.6487594843,4479446.318146682
2017-11-24,active_nasdaq100,1543834.4286539548,4546657.812134887
2017-12-01,active_nasdaq100,1526913.895183118,4495158.212035303
2017-12-08,active_nasdaq100,1528920.7743128112,4501266.380717191
2017-12-15,active_nasdaq100,1557122.9513779457,4587102.967565671
2017-12-22,active_nasdaq100,1557592.1762557083,4588531.1077365
2017-12-29,active_nasdaq100,1542168.3403198698,4541586.879644263
2018-01-05,active_nasdaq100,1601181.096380969,4721199.026221025
2018-01-12,active_nasdaq100,1625801.4926351183,4796134.049018465
2018-01-19,active_nasdaq100,1643524.4686505347,4850075.975787003
2018-01-26,active_nasdaq100,1687496.2181638777,4983909.07977981
2018-02-02,active_nasdaq100,1626951.217228556,4799633.368758516
2018-02-09,active_nasdaq100,1545425.8675756683,4551501.540507425
2018-02-16,active_nasdaq100,1630303.9495320164,4809837.797192571
2018-02-23,active_nasdaq100,1661055.6435877876,4903434.133796648
2018-03-02,active_nasdaq100,1640170.6544715327,4839868.2545396425
2018-03-09,active_nasdaq100,1708859.2417158775,5048929.912115989
2018-03-16,active_nasdaq100,1690184.7214598074,4986533.451984373
2018-03-23,active_nasdaq100,1592242.243068055,4629270.734757185
2018-04-06,active_nasdaq100,1583192.8779401626,4574364.013690107
2018-04-13,active_nasdaq100,1616738.9539818456,4712796.2370670345
2018-04-20,active_nasdaq100,1627292.059122717,4739956.302015426
2018-04-27,active_nasdaq100,1630892.9380202987,4733823.202032795
2018-05-04,active_nasdaq100,1644404.3828579374,4815013.629307074
2018-05-11,active_nasdaq100,1664312.0412683208,4949061.706968545
2018-05-18,active_nasdaq100,1657125.9345985393,4890655.195759515
2018-05-25,active_nasdaq100,1662994.2462529016,4956655.875255061
2018-06-01,active_nasdaq100,1679011.3177362434,5044854.820449358
2018-06-08,active_nasdaq100,1693027.9132381126,5094503.389069295
2018-06-15,active_nasdaq100,1748015.2194596895,5168683.416815951
2018-06-22,active_nasdaq100,1728185.559055161,5131164.1612081425
2018-06-29,active_nasdaq100,1685534.2449082923,5023750.709571867
2018-07-06,active_nasdaq100,1732172.3180053665,5139650.211498574
2018-07-13,active_nasdaq100,1781238.468107436,5256719.132550672
2018-07-20,active_nasdaq100,1819858.1560818676,5238574.790433013
2018-07-27,active_nasdaq100,1795588.1609555322,5198477.262006921
2018-08-03,active_nasdaq100,1817571.9986825436,5270475.095335766
2018-08-10,active_nasdaq100,1812886.995681712,5283354.228977769
2018-08-17,active_nasdaq100,1809196.8143437777,5264037.6453233175
2018-08-24,active_nasdaq100,1838138.9839053107,5340716.447967023
2018-08-31,active_nasdaq100,1876009.6669141299,5462763.632335286
2018-09-07,active_nasdaq100,1824227.5455857038,5300620.330746632
2018-09-14,active_nasdaq100,1854309.6320378585,5384911.647350985
2018-09-21,active_nasdaq100,1860226.6589720915,5376716.775837148
2018-09-28,active_nasdaq100,1859946.6432658187,5447377.726963919
2018-10-05,active_nasdaq100,1805002.0998761777,5282011.701952885
2018-10-12,active_nasdaq100,1748207.0140371758,5111076.118436379
2018-10-19,active_nasdaq100,1735542.8330368048,5072960.863620258
2018-10-26,active_nasdaq100,1673584.827541574,4886486.494114625
2018-11-02,active_nasdaq100,1700082.43853418,4966236.080366754
2018-11-09,active_nasdaq100,1711353.9882502882,5028979.226699259
2018-11-16,active_nasdaq100,1662260.5327472575,4911114.385631009
2018-11-23,active_nasdaq100,1582465.2916266827,4668049.726655336
2018-11-30,active_nasdaq100,1680259.6590263762,4965941.6087768525
2018-12-07,active_nasdaq100,1617681.2073160196,4731673.93574804
2018-12-14,active_nasdaq100,1614767.7125030684,4722880.242614484
2018-12-21,active_nasdaq100,1483527.8159809338,4326763.739586919
2018-12-28,active_nasdaq100,1540236.6999340572,4497926.05681961
2019-01-04,active_nasdaq100,1571995.1025509133,4593781.263351329
2019-01-11,active_nasdaq100,1625353.7888965043,4724922.727667758
2019-01-18,active_nasdaq100,1679382.145264153,4859005.144667989
2019-01-25,active_nasdaq100,1665639.647902538,4856065.1327879885
2019-02-01,active_nasdaq100,1698916.11644975,4923694.814066005
2019-02-08,active_nasdaq100,1715813.6362030897,4956332.238747311
2019-02-15,active_nasdaq100,1737289.8341476093,5055717.811544533
2019-02-22,active_nasdaq100,1748726.7676122691,5083650.746815938
2019-03-01,active_nasdaq100,1764534.5098448968,5127757.98104445
2019-03-08,active_nasdaq100,1735383.4681201437,5033077.368059029
2019-03-15,active_nasdaq100,1818835.1304263114,5244198.445157077
2019-03-22,active_nasdaq100,1833501.231914115,5259927.273514127
2019-03-29,active_nasdaq100,1839612.9842118297,5292330.908450735
2019-04-05,active_nasdaq100,1893194.877455908,5439618.447610223
2019-04-12,active_nasdaq100,1906204.793372136,5474083.854078038
2019-04-26,active_nasdaq100,1954932.0503986669,5616068.082207907
2019-05-03,active_nasdaq100,1974425.1141159208,5629619.420166153
2019-05-10,active_nasdaq100,1900236.9000290441,5449633.774480156
2019-05-17,active_nasdaq100,1864254.764517828,5391896.645175965
2019-05-24,active_nasdaq100,1792781.0841687308,5248145.117104789
2019-05-31,active_nasdaq100,1751598.1416970554,5124128.359977877
2019-06-07,active_nasdaq100,1820953.2222806413,5332981.6295121685
2019-06-14,active_nasdaq100,1836604.739895161,5380114.018364726
2019-06-21,active_nasdaq100,1894612.6420381272,5554796.823423004
2019-06-28,active_nasdaq100,1880749.8737569521,5513051.006736509
2019-07-05,active_nasdaq100,1915019.6619947052,5640294.250501008
2019-07-12,active_nasdaq100,1934645.1898824314,5713510.424752925
2019-07-19,active_nasdaq100,1910104.3424997116,5639112.130524297
2019-07-26,active_nasdaq100,1951784.6347515052,5765470.548313391
2019-08-02,active_nasdaq100,1874463.2533345765,5531062.225116239
2019-08-09,active_nasdaq100,1866088.3414001628,5505672.75292246
2019-08-16,active_nasdaq100,1856252.2343405709,5475853.506028847
2019-08-23,active_nasdaq100,1823045.2290586971,5375182.795238639
2019-08-30,active_nasdaq100,1875631.4956726318,5534603.881027363
2019-09-06,active_nasdaq100,1915752.9935920965,5656236.64132102
2019-09-13,active_nasdaq100,1925004.5915684828,5684283.88425432
2019-09-20,active_nasdaq100,1911109.6741262274,5632913.174275555
2019-09-27,active_nasdaq100,1879855.4560690862,5532748.615930608
2019-10-04,active_nasdaq100,1907820.2867989226,5585404.934304259
2019-10-11,active_nasdaq100,1937070.257663538,5653444.335637871
2019-10-18,active_nasdaq100,1930679.7277981248,5670601.30416575
2019-10-25,active_nasdaq100,1969433.7585335483,5787451.958735875
2019-11-01,active_nasdaq100,1995103.021141254,5882999.992826371
2019-11-08,active_nasdaq100,2018185.9346843488,5952814.690933603
2019-11-15,active_nasdaq100,2034617.9394120052,6002513.592556925
2019-11-22,active_nasdaq100,2024054.5300198714,5970564.365856489
2019-11-29,active_nasdaq100,2056037.6202803038,6067297.812737002
2019-12-06,active_nasdaq100,2055059.9617246867,6064340.866388573
2019-12-13,active_nasdaq100,2076479.331533948,6129124.145764848
2019-12-20,active_nasdaq100,2120688.4417432346,6262835.415665347
2019-12-27,active_nasdaq100,2143801.8390720286,6332742.312545137
2020-01-03,active_nasdaq100,2149388.770448878,6349640.089625674
2020-01-10,active_nasdaq100,2191047.507607734,6475637.709156855
2020-01-17,active_nasdaq100,2239567.2739620223,6622386.638139927
2020-01-24,active_nasdaq100,2232901.5898422906,6602226.153475441
2020-01-31,active_nasdaq100,2197320.6352218376,6494610.899423723
2020-02-07,active_nasdaq100,2296615.0348949926,6794928.644147665
2020-02-14,active_nasdaq100,2349937.7083215066,6956204.054229342
2020-02-21,active_nasdaq100,2307102.3903523986,6826647.844318609
2020-02-28,active_nasdaq100,2067248.3435299739,6101204.852148567
2020-03-06,active_nasdaq100,2089008.7895741174,6167019.722893296
2020-03-13,active_nasdaq100,1935313.4303201227,5702165.27170943
2020-03-20,active_nasdaq100,1723198.6953062431,5060620.340154671
2020-03-27,active_nasdaq100,1870178.28993543,5505162.8372619925
2020-04-03,active_nasdaq100,1851220.0192327679,5447823.197563976
2020-04-17,active_nasdaq100,2164766.1295090765,6396149.195959671
2020-04-24,active_nasdaq100,2153255.2658542497,6353070.260286308
2020-05-01,active_nasdaq100,2144522.977549161,6320390.029032029
2020-05-08,active_nasdaq100,2240737.5279670907,6680469.042439307
2020-05-15,active_nasdaq100,2228115.033063143,6633229.872355268
2020-05-22,active_nasdaq100,2278842.3215661277,6823074.671480133
2020-05-29,active_nasdaq100,2308214.701166809,6932999.598864779
2020-06-05,active_nasdaq100,2369469.582784066,7121059.693178008
2020-06-12,active_nasdaq100,2332600.452390404,7007866.883788504
2020-06-19,active_nasdaq100,2413499.8710397524,7256238.146607103
2020-06-26,active_nasdaq100,2378641.1294583553,7149217.480557995
2020-07-10,active_nasdaq100,2608868.7234279662,7856044.787905779
2020-07-17,active_nasdaq100,2564761.0594882467,7720628.781516781
2020-07-24,active_nasdaq100,2527342.9447858934,7605750.5221167095
2020-07-31,active_nasdaq100,2626510.379387432,7910206.862763891
2020-08-07,active_nasdaq100,2681571.83546019,8079252.371442983
2020-08-14,active_nasdaq100,2688260.1589441453,8099786.355216704
2020-08-21,active_nasdaq100,2782387.295522038,8388768.354935167
2020-08-28,active_nasdaq100,2885722.598157356,8706020.568087911
2020-09-04,active_nasdaq100,2798963.771767849,8439660.195778918
2020-09-11,active_nasdaq100,2671683.6826983346,8048894.514372954
2020-09-18,active_nasdaq100,2636979.8457041793,7942349.424645555
2020-09-25,active_nasdaq100,2682443.6525733513,8081928.958258535
2020-10-02,active_nasdaq100,2709101.644181512,8163772.303371124
2020-10-09,active_nasdaq100,2819611.2815280156,8503050.615126925
2020-10-16,active_nasdaq100,2846754.6714867023,8586384.193461249
2020-10-23,active_nasdaq100,2810207.6078016283,8474180.168867227
2020-10-30,active_nasdaq100,2690525.660314943,8017053.009707801
2020-11-06,active_nasdaq100,2937835.1139409593,8767923.576625587
2020-11-13,active_nasdaq100,2932660.2322197068,8658403.665277531
2020-11-20,active_nasdaq100,3030735.2762977593,8642034.619933492
2020-11-27,active_nasdaq100,3145216.1551154396,8898874.998574093
2020-12-04,active_nasdaq100,3186016.311556489,9092616.607045185
2020-12-11,active_nasdaq100,3148346.406001164,8983395.871306038
2020-12-18,active_nasdaq100,3232617.5407093638,9227732.967423376
2021-01-08,active_nasdaq100,3330626.851976934,9511902.755696654
2021-01-15,active_nasdaq100,3256896.1392757385,9298126.730270492
2021-01-22,active_nasdaq100,3396334.7862603483,9702417.40712826
2021-01-29,active_nasdaq100,3284660.306528212,9378626.607554395
2021-02-05,active_nasdaq100,3457417.2521374747,9879520.900368055
2021-02-12,active_nasdaq100,3509758.539943961,10031280.079996547
2021-02-19,active_nasdaq100,3453920.3266366287,9869381.857798211
2021-02-26,active_nasdaq100,3280341.4721200964,9366104.5089551
2021-03-05,active_nasdaq100,3224196.6248145923,9203317.227164252
2021-03-12,active_nasdaq100,3293915.7860666863,9405462.095191235
2021-03-19,active_nasdaq100,3270059.3365284833,9336292.31809
2021-03-26,active_nasdaq100,3303572.6478863657,9433461.357130652
2021-04-09,active_nasdaq100,3520923.262281635,10063651.257202
2021-04-16,active_nasdaq100,3571374.1271533594,10209929.313882371
2021-04-23,active_nasdaq100,3585648.070766637,10132610.294251677
2021-04-30,active_nasdaq100,3561499.7419785345,10089921.321754076
2021-05-07,active_nasdaq100,3522124.656198695,9976781.197377462
2021-05-14,active_nasdaq100,3440983.9982614582,9743632.14006875
2021-05-21,active_nasdaq100,3447424.658107085,9762138.691650024
2021-05-28,active_nasdaq100,3519319.002484233,9968719.449601553
2021-06-04,active_nasdaq100,3536669.9194279215,10018575.46545974
2021-06-11,active_nasdaq100,3595266.1396817337,10186945.477009283
2021-06-18,active_nasdaq100,3609706.9562386638,10228439.62867885
2021-06-25,active_nasdaq100,3684877.128065128,10444433.128665386
2021-07-02,active_nasdaq100,3780362.013943847,10718798.800522193
2021-07-09,active_nasdaq100,3805014.04795823,10789633.80035226
2021-07-16,active_nasdaq100,3769545.071270878,10687717.465328733
2021-07-23,active_nasdaq100,3879800.1572561534,11004523.73747952
2021-07-30,active_nasdaq100,3842042.5215112586,10896031.183882808
2021-08-06,active_nasdaq100,3878239.6781333704,11000039.866561092
2021-08-13,active_nasdaq100,3886249.0025776653,11023053.809155831
2021-08-20,active_nasdaq100,3874910.8088003173,10990474.714310225
2021-08-27,active_nasdaq100,3961348.124473444,11238843.154717421
2021-09-03,active_nasdaq100,4018867.790938816,11404119.803367302
2021-09-10,active_nasdaq100,3967068.4624411603,11255279.937935174
2021-09-17,active_nasdaq100,3938359.379158963,11172787.43819948
2021-09-24,active_nasdaq100,3937464.5429351777,11170216.221409708
2021-10-01,active_nasdaq100,3800534.3007156965,10776761.722738769
2021-10-08,active_nasdaq100,3810739.2972114775,10806084.69562704
2021-10-15,active_nasdaq100,3891751.2794677955,11038864.017041719
2021-10-22,active_nasdaq100,3945482.707693429,11193255.565707091
2021-10-29,active_nasdaq100,4070541.390526873,11552598.400139615
2021-11-05,active_nasdaq100,4200599.4346120525,11926306.36781877
2021-11-12,active_nasdaq100,4155115.7978040124,11809618.472306322
2021-11-19,active_nasdaq100,4190120.588510406,12087578.955489043
2021-11-26,active_nasdaq100,4059047.9514825493,11704896.660346424
2021-12-03,active_nasdaq100,3976346.0125900884,11463438.423861984
2021-12-10,active_nasdaq100,4128836.3221398764,11908652.184481747
2021-12-17,active_nasdaq100,3994587.4145669485,11516696.386266757
2021-12-31,active_nasdaq100,4132405.0749334903,11919071.586584467
2022-01-07,active_nasdaq100,3947806.3017616575,11380113.312761875
2022-01-14,active_nasdaq100,3949345.9406644013,11384608.47332592
2022-01-21,active_nasdaq100,3658749.892644461,10536178.433789816
2022-01-28,active_nasdaq100,3659877.7151977476,10539471.247095415
2022-02-04,active_nasdaq100,3723600.3339284826,10725517.08046942
2022-02-11,active_nasdaq100,3611239.561999716,10397466.321281912
2022-02-18,active_nasdaq100,3554290.967759036,10231198.065425143
2022-02-25,active_nasdaq100,3598003.1142793265,10358820.923523588
2022-03-04,active_nasdaq100,3511091.1749129533,10105071.085371241
2022-03-11,active_nasdaq100,3378722.1864188476,9718603.936534787
2022-03-18,active_nasdaq100,3673335.3277976247,10530185.513573624
2022-03-25,active_nasdaq100,3733367.160205483,10778968.848457323
2022-04-01,active_nasdaq100,3720288.5709892986,10853958.437875256
2022-04-08,active_nasdaq100,3644364.3726912495,10473010.984942786
2022-04-22,active_nasdaq100,3520905.2404352822,9760615.530295234
2022-04-29,active_nasdaq100,3457745.6274926118,9396166.012827624
2022-05-06,active_nasdaq100,3414230.3725066804,9276181.54079437
2022-05-13,active_nasdaq100,3334708.081409514,9056914.984382069
2022-05-20,active_nasdaq100,3190457.4712201366,8659173.24278724
2022-05-27,active_nasdaq100,3412599.0707825306,9271683.557818921
2022-06-03,active_nasdaq100,3386344.128494302,9184695.897519182
2022-06-10,active_nasdaq100,3174139.323405974,8663971.3421754
2022-06-17,active_nasdaq100,3050788.5936080907,8239530.529494964
2022-06-24,active_nasdaq100,3229375.335471283,8854034.407782234
2022-07-01,active_nasdaq100,3120373.4682388008,8478966.978609767
2022-07-08,active_nasdaq100,3286074.639371427,8876272.187240653
2022-07-15,active_nasdaq100,3240920.8265190134,8771686.791831989
2022-07-22,active_nasdaq100,3381338.7484720233,9075826.08159803
2022-07-29,active_nasdaq100,3497973.422229345,9480644.549388496
2022-08-05,active_nasdaq100,3540241.8826923366,9669682.138851587
2022-08-12,active_nasdaq100,3646122.5864860816,9929342.106485583
2022-08-19,active_nasdaq100,3535035.5152173713,9703040.219244918
2022-08-26,active_nasdaq100,3487592.772387147,9239619.082652789
2022-09-02,active_nasdaq100,3349283.130555543,8870864.446989056
2022-09-09,active_nasdaq100,3452162.5024375743,9229099.955347098
2022-09-16,active_nasdaq100,3255292.9880183046,8695048.914153652
2022-09-23,active_nasdaq100,3107781.4846808487,8294892.129200117
2022-09-30,active_nasdaq100,3016217.7771241264,8046505.81352069
2022-10-07,active_nasdaq100,3036639.4855716387,8101904.104574105
2022-10-14,active_nasdaq100,2943854.4777245503,7850204.748307347
2022-10-21,active_nasdaq100,3115716.172102358,8292182.6142515065
2022-10-28,active_nasdaq100,3210294.9322489933,8466806.148670286
2022-11-04,active_nasdaq100,3074363.7860295298,7968828.347641587
2022-11-11,active_nasdaq100,3281282.3566430854,8669729.061441192
2022-11-18,active_nasdaq100,3240929.9655964333,8575192.391437415
2022-11-25,active_nasdaq100,3251456.311183373,8638417.22931634
2022-12-02,active_nasdaq100,3284768.654033175,8807921.850250613
2022-12-09,active_nasdaq100,3187983.9576766607,8491493.781228071
2022-12-16,active_nasdaq100,3118837.3164900513,8256955.156704397
2022-12-23,active_nasdaq100,3094961.5707040946,8068787.810757785
2022-12-30,active_nasdaq100,3090825.839390918,8036193.663051353
2023-01-06,active_nasdaq100,3119603.1632384136,8112245.419961292
2023-01-13,active_nasdaq100,3258581.0090363384,8479531.460890727
2023-01-20,active_nasdaq100,3278107.525240044,8531135.49021229
2023-01-27,active_nasdaq100,3402439.3451836496,8940975.968695695
2023-02-03,active_nasdaq100,3492384.4516183124,9240356.672833243
2023-02-10,active_nasdaq100,3415712.737807546,9044792.727398453
2023-02-17,active_nasdaq100,3461820.8871840294,9088856.21425019
2023-02-24,active_nasdaq100,3396103.9205448814,8807883.277294748
2023-03-03,active_nasdaq100,3456379.5855756295,9044189.672161628
2023-03-10,active_nasdaq100,3324851.2239028765,8708290.727661172
2023-03-17,active_nasdaq100,3476159.893495679,9215608.828832157
2023-03-24,active_nasdaq100,3533454.127260021,9397026.84830609
2023-03-31,active_nasdaq100,3632517.678044016,9700496.28576539
2023-04-14,active_nasdaq100,3589827.3043622263,9629164.541528078
2023-04-21,active_nasdaq100,3570633.36714782,9569919.303729922
2023-04-28,active_nasdaq100,3613433.8909878903,9749765.240051381
2023-05-05,active_nasdaq100,3617079.427153524,9759739.641955946
2023-05-12,active_nasdaq100,3640721.4272105293,9824425.548138756
2023-05-19,active_nasdaq100,3767544.6170270597,10171421.273479082
2023-05-26,active_nasdaq100,3898897.734540824,10530811.148101687
2023-06-02,active_nasdaq100,3967944.230780379,10719726.43307057
2023-06-09,active_nasdaq100,3966286.512439073,10715190.817943057
2023-06-16,active_nasdaq100,4114652.1320591327,11121127.901453624
2023-06-23,active_nasdaq100,4060601.0925431508,10973241.070272516
2023-06-30,active_nasdaq100,4136711.030012141,11181482.346933868
2023-07-07,active_nasdaq100,4101532.3968771114,11085231.532403575
2023-07-14,active_nasdaq100,4243464.858968133,11473567.117590008
2023-07-21,active_nasdaq100,4205409.202526381,11369444.597651731
2023-07-28,active_nasdaq100,4292250.811729899,11607048.360961016
2023-08-04,active_nasdaq100,4165695.140036068,11260784.580978336
2023-08-11,active_nasdaq100,4101532.3968771114,11085231.532403575
2023-08-18,active_nasdaq100,4011815.8274886413,10839761.708509112
2023-08-25,active_nasdaq100,4076974.0269010887,11018038.384089502
2023-09-01,active_nasdaq100,4227091.924610195,11428769.803773023
2023-09-08,active_nasdaq100,4171668.909117899,11277129.165423531
2023-09-15,active_nasdaq100,4152087.8204093315,11223554.152137619
2023-09-22,active_nasdaq100,4015113.3837825893,10848784.016966455
2023-09-29,active_nasdaq100,4019101.054308232,10859694.518653613
2023-10-06,active_nasdaq100,4090336.866598212,11054599.90142728
2023-10-13,active_nasdaq100,4083032.0904872715,11072181.642871583
2023-10-20,active_nasdaq100,3957819.603833287,10748452.936348626
2023-10-27,active_nasdaq100,3837099.409104016,10466858.128080323
2023-11-03,active_nasdaq100,4065129.9000754645,11145836.231695045
2023-11-10,active_nasdaq100,4132745.981087417,11469564.938218003
2023-11-17,active_nasdaq100,4235742.909651386,11701446.732805956
2023-11-24,active_nasdaq100,4264230.751258165,11806626.716217235
2023-12-01,active_nasdaq100,4280065.910649225,11819660.612084601
2023-12-08,active_nasdaq100,4284412.264830616,11887256.424425758
2023-12-15,active_nasdaq100,4518650.072620826,12286458.293520672
2023-12-22,active_nasdaq100,4575001.136100003,12403331.527382037
2023-12-29,active_nasdaq100,4595037.639081242,12444495.456917241
2024-01-05,active_nasdaq100,4449862.221087336,12056440.231263686
2024-01-12,active_nasdaq100,4591922.543004985,12445711.91623271
2024-01-19,active_nasdaq100,4720785.724870019,12798820.984675836
2024-01-26,active_nasdaq100,4749951.067917253,12878739.44521035
2024-02-02,active_nasdaq100,4807618.772653647,13036759.67413849
2024-02-09,active_nasdaq100,4896779.636909431,13281077.013375996
2024-02-16,active_nasdaq100,4824918.088400853,13084163.014485909
2024-02-23,active_nasdaq100,4893785.405721573,13272872.263422241
2024-03-01,active_nasdaq100,4991708.198645414,13541198.915676577
2024-03-08,active_nasdaq100,4918627.121507175,13340943.181683209
2024-03-15,active_nasdaq100,4862069.077956328,13185963.630641839
2024-03-22,active_nasdaq100,5006792.655386443,13582533.130699873
2024-04-05,active_nasdaq100,4941165.740995547,13402703.188043041
2024-04-12,active_nasdaq100,4916736.028125371,13335761.234343996
2024-04-19,active_nasdaq100,4654449.478793065,12617047.341364896
2024-04-26,active_nasdaq100,4836007.14686954,13114549.095669987
2024-05-03,active_nasdaq100,4885755.125564162,13250867.803306619
2024-05-10,active_nasdaq100,4958822.125936124,13451084.964344125
2024-05-17,active_nasdaq100,5066534.794802009,13746237.696197284
2024-05-24,active_nasdaq100,5135271.301197083,13934588.498885207
2024-05-31,active_nasdaq100,5082399.931212637,13714287.058291145
2024-06-07,active_nasdaq100,5260611.19263234,14087034.465288868
2024-06-14,active_nasdaq100,5453653.121209698,14580884.019236144
2024-06-21,active_nasdaq100,5538593.856615445,14611006.675355775
2024-06-28,active_nasdaq100,5559527.319633819,14601620.27582721
2024-07-05,active_nasdaq100,5716860.928477701,15121245.031526923
2024-07-12,active_nasdaq100,5730420.939488929,15080406.62010707
2024-07-19,active_nasdaq100,5501161.8138246415,14483674.525632024
2024-07-26,active_nasdaq100,5375477.277302682,14109729.475394864
2024-08-02,active_nasdaq100,5211906.311939438,13676351.96740303
2024-08-09,active_nasdaq100,5231001.297378166,13726943.69183407
2024-08-16,active_nasdaq100,5514201.858265767,14477277.059781143
2024-08-23,active_nasdaq100,5571370.700026147,14628744.59023114
2024-08-30,active_nasdaq100,5528464.773749122,14515066.32608001
2024-09-06,active_nasdaq100,5211216.371321914,13674523.98561652
2024-09-13,active_nasdaq100,5517767.320818819,14486723.670753008
2024-09-20,active_nasdaq100,5582833.6893588845,14703107.604317207
2024-09-27,active_nasdaq100,5628465.381201121,14855308.020928651
2024-10-04,active_nasdaq100,5633668.74852865,14872703.483220235
2024-10-11,active_nasdaq100,5688793.944280194,15057039.876086732
2024-10-18,active_nasdaq100,5698900.065287176,15090917.280178547
2024-10-25,active_nasdaq100,5708611.040327733,15116859.945007667
2024-11-01,active_nasdaq100,5618473.470660248,14876059.330380542
2024-11-08,active_nasdaq100,5923613.612472295,15691234.77794149
2024-11-15,active_nasdaq100,5722891.0159186525,15155008.598358745
2024-11-22,active_nasdaq100,5828221.375222573,15436396.429790694
2024-11-29,active_nasdaq100,5873346.1544364225,15556946.32490871
2024-12-06,active_nasdaq100,6064587.388124537,16067843.243740981
2024-12-13,active_nasdaq100,6110854.241393021,16191444.165587584
2024-12-20,active_nasdaq100,5975249.235078704,15829178.253743486
2024-12-27,active_nasdaq100,6029429.960735635,15973920.918619648
2025-01-03,active_nasdaq100,5983889.273578978,15852259.934211941
2025-01-10,active_nasdaq100,5853557.951806179,15504082.559296805
2025-01-17,active_nasdaq100,6032949.808130003,15948856.02373742
2025-01-24,active_nasdaq100,6234472.3544937745,16190042.367923202
2025-01-31,active_nasdaq100,6072566.119407459,15965670.069279617
2025-02-07,active_nasdaq100,6018652.23994413,15984924.559883162
2025-02-14,active_nasdaq100,6198089.79400884,16450488.847535336
2025-02-21,active_nasdaq100,6033628.029068022,16081524.412623847
2025-02-28,active_nasdaq100,5858465.246552632,15534041.515554955
2025-03-07,active_nasdaq100,5671239.154690782,15033327.857071204
2025-03-14,active_nasdaq100,5532591.257615842,14662530.736354198
2025-03-21,active_nasdaq100,5546078.6535223825,14698601.154107543
2025-03-28,active_nasdaq100,5418053.224021619,14356212.544983651
2025-04-04,active_nasdaq100,4888391.15576132,12939695.064319815
2025-04-11,active_nasdaq100,5251610.878574853,13911082.51590223
2025-04-25,active_nasdaq100,5438585.695831412,14467035.469596926
2025-05-02,active_nasdaq100,5603185.841379894,14965128.04868942
2025-05-09,active_nasdaq100,5527546.568199045,14938799.654301643
2025-05-16,active_nasdaq100,5894782.813731999,15965600.449798299
2025-05-23,active_nasdaq100,5768304.148383551,15589962.89352206
2025-05-30,active_nasdaq100,5835447.665140185,15892125.554500941
2025-06-06,active_nasdaq100,5898602.099825722,16223064.58135936
2025-06-13,active_nasdaq100,5879779.1259237295,16132448.240796851
2025-06-20,active_nasdaq100,5862691.778547396,16128466.75910848
2025-06-27,active_nasdaq100,6073704.482262399,16798170.41884703
